sentences,advice,symptoms
聽日就要考試了，好驚呢次考試嘅題目會唔會好難,好驚呢次考試嘅題目會唔會好難嘅原因係？,T5
係咩？但係我控制唔到我自己害怕,控制自己嘅情緒係唔容易，不過可以同我講多啲你害怕嘅內容嗎？,T9
"好多地方想去,好多嘢想食, 但次次都搵唔到人陪.",我明白你嘅感受，你可以試下同屋企人多啲聯繫，相信佢地都會陪你。,L3
之前識過啲friend，但都係功課上問我，傾多啲私人嘢都唔肯,唔好咁灰心，真正嘅朋友會分擔你嘅憂愁，互相扶持。只要你係真心對人嘅話，別人係看得見㗎。,L6
"就算有好多人係你身邊, 都好似無connection咁 反而覺得自己好孤獨 ","明白這感受會令人不開心.唔好咁灰心住,你可以試下繼續結識朋友,終 有一日您會找到connect到的人，同人溝通有困難嘅時候唔好忘記幫自己打氣呀。",L5
有時拍拖心很累嘅地方係，另一半嘅唔理解…,拍拖的確可以造成壓力。點解覺得另一半唔了解你呢？,L4
出左黎做野之後好難先融入到一個圈子，同好多同事都唔算好熟,覺得同好多同事都唔算熟，而且好難融入職場嘅圈子，可以同我講多啲嗎？,L6
我係個外人，無論做咩都錯，我覺得好似冇人明我咁…,明白這感受會令人不開心..你可以搵學校嘅counsellor傾下㗎..敞開自己 唔好收埋負面情緒,L4
有時無人聊你傾 又唔知對住人講咩好果種感覺好尷尬:-(  其實覺得摺返屋企係舒服d 但又覺得自己好怪,我知道你可能未必識得同其他人相處而感到尷尬，更加覺得自己奇怪，你可以搵學校counsellor傾下㗎！,L5
就快考試啦，但是見到自己什麼都要未溫習，我很大壓力,視乎你嘅目標 分配好時間 訂立啲階段目標去努力逐步達成 或者試下form study group同同學仔一齊溫重點 咁就會無咁辛苦架啦 做好啲搶分題 咁就冇咁擔心架啦,T5
"樣樣都試過一個人做,差在未試過一個人唱k..",一個人都可以過得好開心㗎。你可以學習感恩，人都開心啲！,L1
考試的時候，題目不懂，我感到緊張,你會怎樣放鬆自己,T9
有時我諗野嗰陣，我會睇緊第二度發呆，然後就定曬形  ,諗野發呆，定型嘅時候，係諗緊啲乜嘢？,T6
考試時候肚痛好辛苦  ,考試嘅時侯肚痛，你會點處理？,T10
"一個人可以好自在,我都幾鍾意,但有時想人陪,有啲羨慕其他人一齊咁開心..",我明白你呢個孤單嘅感受呀 可以參加多啲活動搵啲志同道合嘅朋友呀,L3
我覺得我應該要溫多d，因為我記唔曬d答案,記唔曬唔緊要 牢記重要嘅概念做熟啲搶分題 或者可以用多啲唔同嘅記憶法幫手喎,T5
已經俾一堆assignment加垃圾組員同埋exam逼住我好大壓力，屋企淨係識得話我夜翻，唔信我有咁忙，話我咁夜翻到去嘈住佢地訓，話我嘈醒佢地。,我完全明白你被一堆功課同考試纏繞住嘅壓力，亦知道你因為呢啲工作而被屋企人誤會。你可以同學校嘅counsellor傾下㗎！,L7
分左手無耐.夜晚靜靜地好孤獨........,明白你因為分手而感到孤獨，如果真係好唔開心，不妨同學校嘅counsellor傾下㗎！,L3
愈黎愈唔想識人 想自己一個摺埋,"俾個機會自己,俾個機會別人,當然最好係識得志同道合嘅朋友，但都要先了解自己有咩愛好，多參與活動，咁樣就算識唔到新朋友起碼都係自己鍾意做嘅事，唔會浪費左金錢同時間。",L5
好厭倦要刻意同人揾話題認識嘅過程，好多時踏入一個新圈子連朋友都唔想識,我明白你對於認識新朋友需要尋找話題既厭倦，呢種厭倦更令你唔想再識新朋友。,L8
如果比我爸媽知道佢哋一定好失望,試下同屋企人傾下，話比佢知你呢一科不太理想比佢做定心理準備,T3
我估我到考試嗰陣會頭痛，我以前都試過系咁,考試嗰陣頭痛一定好難受，你點應對？,T10
唔識唔人溝通 又唔識好似D現充咁R水吹,我能夠感受你對於同其他人溝通嘅困惑同困難。你可以搵學校嘅counsellor詳細傾下㗎！,L8
我好擔心這次考試不及格,明白你嘅擔心。今次打算做點嘅準備呢？,T2
我覺得我學幾耐都學唔識 ,覺得自己學幾耐都學唔識，係咩原因呢？,T5
書又未溫晒 課題又唔熟,唔熟 記唔曬 都有辦法 牢記重要嘅概念做熟啲搶分題 有其他難啲嘅題目唔識多啲問教授tutor ,T5
點算呀，呢次考試我嘅成績肯定唔高,肯定自己今次成績唔高，係咩原因呢？,T1
不敢想我爸媽知道了我的分數會怎麼,"其實如果份卷好難，而且你有努力温書嘅話,咁屋企人應該知道你有努力過,唔會嬲嘅",T3
點樣可以無咁大壓力啊？我只係識聽音樂放鬆,幾好喎 搵啲時間做自己想做嘅事 多啲同信得過嘅人分享溝通 佢哋好樂意聆聽同分擔架,T9
平時亦唔會有人搵，放假就屈係屋企，雖然唔想孤獨，但已經習慣咗果種孤獨感,我明白你嘅感受，你可以出街散下步、觀察下街道上嘅⾏⼈，或者同鄰居打個招呼， 都會令你冇咁孤單。,L3
聽日就要考試了，好擔心呢次考試嘅題目會唔會好難,好擔心呢次考試嘅題目會唔會好難嘅原因係？,T5
其實每個人都總有單獨自處既時候 你平時唔發覺可能係因為思緒忙 但係時間一多左就容易醒起,係呀明白啊都可以參加多啲活動充實下自己,L1
"唔敢同人講自己唔開心
只敢上黎連登啲post呻下",有唔敢同人講嘅心事，可以同學校或者社區嘅社工講。佢哋會細心聆聽。,L2
但系我覺得好多題我都唔識，好似都寫錯嗮。,覺得好多題都唔識，能你有點嘅感受？,T4
考官問我問題嘅時候，我個心就緊張到越跳越厲害,考官問問題嘅時侯你緊張而且心跳快，點樣應對？,T10
如果今次成績仲系唔好，我爹地媽咪肯定有會嬲我,爹哋媽咪嬲嘅話，你會有點嘅感受？,T3
"—直都係—個人戰鬥，冇屋企冇真心朋友冇伴侶去互相扶持。#:)#fs
感覺好累好累",明白這感受會令人不開心..你可以搵學校嘅counsellor傾下㗎..敞開自己 唔好收埋負面情緒,L2
點溫都無用，溫咗都忘曬,嗯 都有好多方法可以強化記憶嘅 例如可以試下同朋友同學仔form study group 有唔少研究話教導其他人之後記憶力係最持久嘅 或者都可以試下喺唔同嘅網上平台搵相關嘅影片睇下 輕鬆啲之餘又可以recall返啲記憶架,T5
我真應該好好看書的，不至於答不出題 ,答不出題令你感受係點？,T5
回想過去嘅自己，發覺真係差到不得了，仆街至極，覺得自己完全唔值得擁有朋友同擁有同伴…,我感覺到你有唔愉快嘅經歷。發生過乜野事令你覺得自己唔值得朋友同伴呢？,L8
我成日背完就忘嗮，點算好，都記唔得背咗d乜野 ,試吓用唔同嘅記憶法幫手 將學術知識同日常生活連繫 或者用一啲生動有趣嘅聯想 深啲嘅內容就算唔記得都可以靠推論搵番出黎  多啲複習 充足嘅休息都有助記憶架,T5
考試嗰陣，我有時會發呆，然後望住某個地方定曬形,考試發呆，望住某處定型嘅時侯，係諗緊乜？,T6
但係分數太差媽媽會話我上堂唔認真,媽媽話上堂唔認真，會令你覺得點？,T3
係呀，次次考試都平靜唔到,次次考試都平靜唔到，令你有點嘅感受？,T9
又玩下筆咁 好煎熬囉 打發時間,你平時考試通常都好快做完份卷架？,T8
任何人都會孤獨，年紀越大就會越孤獨,年紀越大越孤獨，而任何人都會孤獨，令你有點嘅感受呢？,L3
我考試嗰陣會周圍望，望下其他人，睇住D時間，玩下支筆，我想快D完,考試難免會緊張 正常不過吧 其他同學都可能會唔識 另外做多啲past paper 針對性熟習考核內容 到考試就會有多幾分自信啦,T6
考試好難 有排睇 迷茫 ,明白迷茫唔好受。考試之前你會點樣準備？,T5
就算真心friend都唔會無啦啦搵佢講心事 好似好奇怪咁 又驚阻到人 又唔想俾人知自己咁灰 唉 好想消失,我感受到你有好多顧慮，好難踏出一步同身邊既朋友傾訴，你可以同學校嘅counsellor傾下㗎！,L5
最近放暑假，乜都係自己一個人，好想有人可以陪下我…,我明白你嘅感受，你可以參加多啲興趣班，認識更多朋友，陪你上堂。唔好忘記幫自己打氣呀。,L8
因為我會因為考試的關係而不安同緊張,都好common嘅 準備多啲 熟習啲題目 記住搵啲方法放鬆自己 多啲同信得過嘅人分享溝通 分擔一下,T9
爸媽話再fail就無得開電腦，宜家唔知點算好,如果冇得開電腦，對你會有點嘅影響？,T3
有時都唔知讀書系為咗咩，搞到我都想跳樓,唔知讀書為乜，我明白你嘅痛苦，不過想聽多啲你嘅情況。,T11
好驚因為分數唔夠高爭唔到intern,"擔心分數唔夠就爭唔到intern,令你有點嘅感覺？",T2
考試嗰陣我個胃會唔舒服 ,考試而個胃唔舒服嘅時候，你會點做？,T10
我細個唔識同人相處，所以冇乜朋友,"俾個機會自己,俾個機會別人,你又可以試下用交友應用程式，搵志同道合嘅朋友。",L8
我考嘅時候真係好緊張呀,都好common嘅 準備多啲 熟習啲題目 記住搵啲方法放鬆自己 如果有同學朋友仔一齊考可以互相扶持下嘅,T9
我點先可以考試嘅時候唔好咁大壓力?,準備多啲 熟習啲題目會唔會有幫助 多啲同信得過嘅人分享溝通 分擔一下,T9
有時都唔知讀書系為咗咩，搞到我都想死 ,哦，明白，但係死解唔解決到個問題？,T11
我好擔心考試會好難，不明白啊,擔心考試難，唔明白，係咩原因呢？,T5
我盯著一個地方發呆  ,盯著一個地方發呆，係喺咩情況之下？,T6
我而家需要嘅唔係你幫我解決問題，而係想你聽我講嘢…,明白這感受會令人不開心..你可以搵學校嘅counsellor傾下㗎..,L2
我對著一個地方出神  ,對著一個地方出神，係喺咩情況下？,T6
我擔心這次考試會很難考 ,擔心今次考試會難，係點解呢？,T5
—直都係—個人戰鬥，冇屋企冇真心朋友冇伴侶去互相扶持。感覺好累好累,明白這感受會令人不開心..你可以搵學校嘅counsellor傾下㗎..敞開自己 唔好收埋負面情緒,L2
最煩係冇Study partner，冇人提自己要form gp，交功課，deadline嗰啲。,聽落你希望有個study partner。你打算點樣去搵一個陪你嘅人呢？,L1
我一緊張，我個心就跳個厲害,緊張就會心跳厲害，令你覺得點？,T10
點解每次聚會我都好似係多出嚟嗰個？次次都要掛住個面具出去咁…,明白你呢個感受先唔好灰心 或者試吓可以喺新嘅圈子同其他人相處,L7
動不動就被冷漠對待 被忽視 被句點 雖然我已經習慣了,唔好咁灰心，你可以做啲你喜歡嘅事去排解心情。,L7
我應該努力學習的   ,如果掌握到知識 考得好 應該會好有成功感添,T5
"可能我比較被動,慢熱又唔陽光 悶親人
本來以為自己好大方 其實係好小器好易妒忌人 得罪左人都唔知
所以活動多數冇預過我呢個人",唔好咁灰心住，你可以首先了解下點解人地唔搵你，之後或者你可以搵你信任嘅人講依件事。,L7
我好唔確定我啲答案係咪啱嘅,唔確定答得啱唔啱，你嘅感受係？,T4
點解我要一個人孤零零坐在街既？,"明白這感受會令人不開心,其實你可以試下用social media 去同自己朋友互動一下;又或者考慮在網上尋找有共同興趣嘅⼈",L3
讀同一科或返工個啲好難做到知心朋友，唔知點解會feel到係競爭對手嘅感覺,讀同一科或者做同事，令你覺得對方係競爭對手。咁樣會令你有點樣嘅感受呢？,L6
然後就希望解決到我嘅焦慮問題啦,加油喔 身邊有好多人支持同願意聆聽理解你架,T9
冇食野我個肚都會唔舒服,一嚟啦 同埋用腦思考記憶都需要能量 咁樣會好影響你發揮架喎,T10
大概知道麻煩到別人是不好的行為，所以對於人與人之間的關係總是很謹慎處理。但有時過於小心翼翼反而不太自然，同時又害怕會否因一時間疏忽造成別人困擾。,其實同人好好溝通、相處並唔難。試下保持適當嘅語調同眼神接觸，自然咁表達你嘅想法啦。,L5
每日都係個種釋懷唔到嘅孤獨感中渡過,明白這感受會令人不開心.唔好咁灰心住..其實你可以試下用social media 去同自己朋友互動一下,L3
考試成日都緊張到手抖    ,考試成日手震，你會點應對？,T10
我不斷睇住個鐘，又會隻腳郁嚟郁去同埋轉筆,嗯好多人考試都會好緊張 但係咁樣會唔會影響咗你嘅發揮 有冇減壓嘅辦法,T7
考試開始前突然緊張，我應該點做？,如果有同學朋友仔一齊考可以互相扶持下嘅,T9
返工扮正常，返到屋企又自己一個。。乜都只有自己一個人,乜都自己一個做，令你有點嘅感覺呢？,L3
我仲會成日望鐘睇時間…驚唔夠時間做…,咁都幾好 如果你會有策略咁做容易搶分嘅題目先 咁樣應該可以分配好時間做大部份題目,T7
我擔心這次考試難度會很大,擔心今次考試難度高，點解呢？,T5
"讀到今年final year 已經慣左#bye#
到頭黎一個fd都無
仲開始慣左享受孤獨
有時chur到個人唔想社交",Final year係好忙嘅但有時都要一個人放鬆吓,L3
點先至可以考試嘅時候唔緊張？,準備多啲 熟習啲題目會唔會有幫助,T9
遇到難題目嗰陣，我就忍唔住東張西望,遇到難題目而想四圍望嘅時侯，係有點嘅諗法呢？,T6
咁如果我真係pass唔到，咁點算啊？,擔心自己pass唔到，令到你有點嘅感受呢？,T2
我覺得我有幾條題目我寫錯咗,如果仲記得題目既話，試下睇下Notes又做返一次錯個D地方，咁樣下一次就不會錯了,T4
因為唔合格就要曬時間重考啦。,如果準備充足有冇信心一tick pass先,T2
我都係 返工可以逃避 唔洗知自己無朋友約嘅真相,我明白你呢個孤單嘅感受呀 可以參加多啲活動搵啲志同道合嘅朋友呀,L3
今次考試好難丫，我想自殺,今次考試難，的確難受。可以講下你嘅感受俾我聽嗎？,T11
真係有野唔開心想揾人傾 寂寞想揾人陪嘅時候就一個都冇,知道你有事既時候未必搵到人分擔同陪伴，令你感到有啲無助。,L2
我成績唔好，每次考試幾乎都唔及格,你嘅成績令你有點嘅感受呢，可以講下嗎？,T2
我諗我要快d溫書...,嗯 把握時間 溫熟啲考試就無咁驚架啦～,T5
同人講又唔明 有苦自己知,你一定覺得好難受。具體係有乜嘢想同人講但係又唔明呢？,L4
我仲以為係人大咗越來越少朋友，其實係同邊個都唔夾咁款，嘗試過主動改變但係更加顯得格格不入…,試吓對而家嘅朋友敞開 或者淨係同你覺得相處比較舒服嘅朋友一齊～,L8
考試成績不好就覺得對不起我的父母,覺得對唔著父母，係點解呢，我想聽你講多啲。,T3
人大咗越黎越孤獨 冇人可以傾訴,明白你會有孤單嘅感覺 參加多啲活動識多啲唔同嘅人啦～或者相同興趣嘅人都有幫助㗎,L2
"好想改性格，識親人都只係fd到頭兩三星期
因為我太靜，我唔主動既話，會慢慢被淡出
唔多講野，人地都會冇癮，於是keep唔到友誼
想試下多d野講，但性格好難改",覺得自己比較靜，唔夠主動所以難keep新朋友。你想改性格，係要點樣改呢？,L8
次次到咗考場我就心跳加快  ,一到試場就心跳加快，你會點應對？,T10
"""記得之前試過發夢自己pass畢業",嗯加油 身邊好多人支持你架,T1
考得爛，又會比爸爸媽媽話我,爸媽話你嘅話，會令你有點樣嘅感受？,T3
但係朋友都唔可以無時無刻陪你，有時見住以前好熟既朋友因為生活圈子唔同而疏離，仲覺得難受,唔好咁灰心住，你可以試下將你嘅想法寫低，咁樣可以減少孤獨感。,L7
我會成日周圍望 跟住又成日睇住隻錶,但係你會唔會因為咁樣shift咗自己嘅注意力 影響咗自己嘅表現,T7
發現身邊一個並肩作戰嘅人都冇嘅時候多少會有啲孤單,明白你會有孤單嘅感覺 參加多啲活動識多啲唔同嘅人啦～或者相同興趣嘅人都有幫助㗎,L1
成日覺得大學既同學/朋友， 都係為利益走埋一齊,聽落你似乎覺得大學嘅人際關係係建立喺利益之上。咁喺呢個處境下，你有咩感受呀？,L6
嗰一下覺得全世界得返自己一個 冇人明白我,當時發生咩事令到你覺得全世界得返你一個，而無人明白你呢？,L3
今次考試嘅題目好難丫，我寫答案嗰陣緊張到手都都,考試題目難，你當時嘅感受係？,T5
唔開心但打開電話發現無一個可以傾訴既人既時候,太多心事喺心裡面的確會好辛苦。你可以搵屋企人傾訴。再唔係，搵學校/社區嘅社工都得。,L2
次次到咗考場我就心跳個不停,到咗考場就心跳不停，令你覺得點？,T10
雖然考完，但系我驚我分數唔好,驚分數唔好，係咩原因呢？,T1
可能係因為我好多野都唔記得咗，考試實唔合格,覺得好多野都唔記得咗嘅原因係？,T2
成績爛，又會比爸爸媽媽話我,屋企人話你，令你有點既感受？,T3
成個人都好抑鬱 迷茫  迷茫 ,咁就要搵啲方法放鬆自己喎 搵啲時間做自己想做嘅事 多啲同信得過嘅人分享溝通 分擔一下,T9
我都唔知點解自己同其他人唔同 唔可以外向啲 好輕鬆就識到好多朋友,認為其他人外向而且好容易識朋友，自己就唔同。你覺得係有點樣唔同呢？,L8
你有冇諗過一個fail 對我影響有幾大？ 憤怒 ,不如搵朋友傾傾 準備好再Retake返可以冚咗F個分,T2
今日考試，我太緊張，忍唔住不停望周圍同學,考試就算溫好熟都難免會緊張 正常吧 其他同學都可能會唔識但有冇諗過點樣加強自己考試個陣嘅信心,L4
你覺得我分數很低他們會對我失望嗎,佢哋對你失望嘅話，你會有點嘅感受？,T3
"一個朋友都冇
一靜落黎真係好唔開心",我明白你嘅感受，你可以試下深呼吸，或者望下周圍嘅野，可以令你冷靜啲。,L8
一科fail 會拉低曬個gpa 迷茫 ,萬一fail準備好自己Retake返就可以冚咗F個分,T2
我很擔心讓我的父母失望,父母失望嘅話，你會有點樣嘅感受？,T3
我都係好重感情，所以見到佢地冇約我，個心就好難受，然後就想離開佢地,唔好咁灰心住，你可以試下將你嘅想法寫低，咁樣可以減少孤獨感。,L7
但係考得太差爸爸會話我上堂唔認真   ,爸爸話上堂唔認真嘅話，你會覺得點？,T3
只有寂寞的人才會感嘆自己的孤獨..,只有寂寞嘅人會感嘆自己嘅孤獨，係點嘅意思呢？我想聽你講多啲。,L3
有無人由細到大都無朋友 好孤獨,我完全明白你可能因為結識唔到朋友而感到孤獨，如果呢種孤獨真係對你造成困擾，好歡迎你同學校嘅counsellor分享㗎！,L3
溫書嗰陣我總覺得點記都記唔完考試嘅重點內容,溫書但係唔記得溫過嘅內容，你有點嘅感受？,T5
而且考試嘅時候，我總擔心時間唔够，答唔切,都明既，擔心係正常,T7
開咗學咁耐一個朋友都冇，日日自己食飯，分組又冇組，等tutor分,唔好咁灰心，一個人都可以過得好開心㗎，攰嘅時候唔好忘記幫自己打氣呀。,L1
宜家我都唔知考試範圍究竟係乜 ,如果canvas搵唔到 可以搵同學仔或者教授／tutor問下 佢地好樂意幫你架,T5
我成日都諗住自己做野做得好差，擔心我攞嘅成績，如果我唔合格點算,萬一F都可以重讀 最緊要依家多加努力 成績可能會比想像中好呢,T2
讀書讀到好想跳樓啊啊啊啊啊啊,哦，明白，但係死解唔解決到個問題？,T11
我覺得我所有答案都係錯，我分數一定會好差,覺得自己所有答案都錯，係點解呢？,T1
我都唔知自己點解會緊張喎 傷心 ,會唔會係你對自己有比較高嘅期望同要求,T9
我好擔心考試會好難，不會做啊  ,擔心考試難，唔識做，係咩原因呢？,T5
好多題目都唔識做，我會唔會好低分好,今次有題目唔識做，令你擔心。可以講下而家嘅感受嗎？,T1
考試嗰陣，我只手仲系熱到流汗，寫字都難 ,考試嗰陣隻手熱到流汗，你會點處理？,T10
考試壓力很大，大到無法呼吸。,無法呼吸嘅感覺係好難受。可以講詳細啲你考試時嘅感受嗎？,T9
"日日都冇人揾
放假留係屋企
就算出街都係自己一個，收工冇活動
有冇同路人#cry#dog#cry#dog#cry#dog
好辛苦...",孤獨的確難受。自己一個返工同出街一定唔係易事。會唔會想主動結識朋友？,L2
我成績已經差到溫幾多都考唔好,會唔會係其他原因令到溫習效率麻麻，試下問下師兄、同學仔參考下佢地或者form個study group互相照應?,T1
"的確有時真係好享受自己一個人
但當你日日都係咁嘅話就會好難受",我明白你嘅感受，有冇諗過每⽇做運動呢？運動可以改善情緒同減壓，做完運動人都精神啲！,L1
覺得自己好孤獨， 呢兩個星期直頭走晒上晝堂  唔想自己一個lunch,唔好咁灰心，一個人都可以過得好開心㗎。你可以學習感恩，人都開心啲！,L1
我有時仲緊張到冇辦法入睡,充分嘅休息係至關重要 有冇試過唔同辦法幫助自己入睡,T9
唔溫就pass唔到，但係心底又好抗拒溫書，一見到啲notes就想搵其他嘢做,訂立啲階段性目標 好似打機咁逐關達成 form study group同同學仔一齊努力互相鞭策下 會多啲動力架,T5
內向人覺得自己已經好努力去識真心FD...但主動得多真係會攰,只要誠懇嘅態度同人交流，終有一日您會找到connect到的人，唔好忘記幫自己打氣呀。,L8
一進考場我急超緊張，覺得呼吸困難心跳加快 ,入考場嘅時候緊張，心跳快仲呼吸困難，實好難受。你會點面對？,T10
我都好羨慕d人可以對住陌生人咩都可以講一餐，而我慢熱，對住陌生人真係咩都講唔到，識唔到新朋友,同人有多啲共同經歷嘅時候，慢慢就會變成朋友，友誼都會更深厚。同人溝通有困難嘅時候唔好忘記幫自己打氣呀,L8
如果成績唔好，我驚我媽咪鬧我,媽媽鬧嘅話，會令你覺得點樣？,T3
覺得所有嘢都好煩厭，日日都好攰，唔想向身邊嘅人放負，怕佢哋嫌我煩…,聽到你有好多煩惱，覺得好攰，但又唔敢同身邊嘅人傾訴，你可以同學校嘅counsellor傾下㗎！,L5
"我好耐冇同人傾計,話題都諗唔到..","俾個機會自己,俾個機會別人,當然最好係識得志同道合嘅朋友，但都要先了解自己有咩愛好，多參與活動，咁樣就算識唔到新朋友起碼都係自己鍾意做嘅事，唔會浪費左金錢同時間。",L2
可能有，但系我都忘曬，都唔記得自己做咗咩題,唔記得做咗咩題目，令你覺得點呢？,T5
我一個熟既朋友都冇,聽到你認為自己冇一個比較熟既朋友，覺得唔開心。,L3
一進考場我急超緊張，覺得呼吸困難心跳個不停,一入考場就超緊張，心跳不停仲呼吸困難一定好辛苦。你點樣令自己好過啲？,T10
好多題目都唔識答，我會唔會好低分,今次有題目唔識答，令你有點嘅感受？,T1
我一到要考試嘅時候就會頭暈呀，心跳會好快,不適真係會好影響考試表現 有無諗過睇醫生徵詢醫生意見,T10
所以遇到識嘅題目，我總系想儘快答完,遇到識嘅題目就想儘快寫完，令你有點嘅感受？,T7
每次考試都會忍唔住不停睇鐘,考試忍唔住不停望鐘，係咩原因呢？,T7
我覺得我呢次口語考試發揮得唔好,覺得今次口語考試發揮得唔好嘅原因係？,T4
又轉下筆咁 好煎熬囉 等時間過 ,考試覺得煎熬，係咩原因呢？,T8
有時考試果陣又會肚痛，會浪費d時間去廁所,經常都係咁? 冇咗好多時間會影響發揮 會唔會同緊張或者飲食作息有關係 避免食啲刺激腸胃嘅食物 有冇睇過醫生 藥物會唔會有幫助 不過嚴重嘅話最好睇醫生之後先補考吧,T10
考得唔好會defer啊,有時間同professor同學仔傾傾睇下點樣化解困難吧 別人嘅意見同支援可能啟發到你呢,T2
考完試之後 我覺得我嘅回答可能錯好多,考完試覺得自己可能答錯，令你有點嘅感覺？,T4
然後就是爸媽對我的成績都不滿意,爸媽對你成績唔滿意，令你有點嘅感受？,T3
"人際方面,識人唔算太多,有時想揾人呻下都唔敢 唯有揾番中同,但又唔想經常煩到佢",有負能量又怕影響到人嘅話，唔洗自己忍受，可以搵學校/社區嘅社工傾下。,L5
好怕自己D負能量會煩到其他人，唔開心唔敢講唔敢喊，成日戴住假面具…,唔可以抒發情緒以及成日戴面具，一定好辛苦。如果有心事嘅話，可以搵學校/社區嘅社工。,L5
我覺得大部分題我都沒寫對,覺得大部分無寫啱嘅原因係咩？,T4
啲科好難，我驚自己考得唔好,做多啲試題熟習 唔熟嘅部份溫多啲 或者搵教授釐清啲concept 就會有多些信心啦,T5
我仲系好緊張，唔知自己今次嘅成績,唔知今次嘅成績而覺得緊張嘅時侯，你會諗啲乜？,T1
"感到很孤獨好寂寞 尤其係屋企得翻自己一個

聽日仲要開工 但係心真係好唔舒服

重睇完中二病第一季","明白這感受會令人不開心.唔好咁灰心住..其實你可以試下用social media 去keep 住朋友,又或者考慮網上交友。網上有好多論壇同交友網站，令你接觸到有共同興趣嘅⼈",L3
不知道我爸媽知道了我的分數會怎麼,你認為爸媽可能有點既反應呢？,T3
我都係咁等，點知等到而家都冇人走嚟識我,孤單，無人主動認識自己嘅感覺實在難受。不如試下主動搵其他人？,L2
所以遇到識答嘅題目，我總系想儘快寫完,完成了後你覺得點？有冇舒服點？,T7
"其實人越大個越覺得孤獨都正常,畢竟經歷多啲,見過嘅人事物往往匆匆而過..",認為孤獨係正常，身邊嘅人同事物都匆匆而過。可以分享你嘅經歷嗎？,L3
我考試時，會到處睇，希望可以快點完成考試。,嗯好平常嘅 你平時考試有咩技巧令自己快啲完成,T7
驚朋友厭我煩所以就唔同朋友講，但系甘樣自己就越來越辛苦，個腦越諗越偏離事實。,聽到你唔敢同朋友傾訴而令自己感到辛苦，你可以同學校嘅counsellor傾下㗎！,L5
我考試嗰時隻手震得厲害,如果嚴重就最好請教下醫生 避免飲有咖啡因嘅飲品都可能有啲幫助,T10
我final year 好驚考得差影響到hon,咁真係會好大壓力 搵下past paper 畀心機準備好個exam先 其他嘢例如萬一考唔好要其他科拉分可以考完再部署嘅,T2
"講就講以前中學成班算係死黨
但大個左個個都識左好多好多嘅朋友
但自己就一個人",明白你會有孤單嘅感覺 參加多啲活動識多啲唔同嘅人啦～或者相同興趣嘅人都有幫助㗎,L7
我考試長期不及格，怕DSE都會U，每晚壓力好大，失眠。,咁就要搵啲方法放鬆自己喎 多啲同信得過嘅人分享溝通 分擔一下,T2
"有時候會覺得單身幾好,但係當身邊嘅人都拍拖嗰陣時,都會想有人喺自己身邊.",係呀明白啊都可以參加多啲活動充實下自己,L8
中學既朋友，環境唔同就開始淡，仲要個個拍拖，剩係記得女朋友，所有時間都比哂佢,唔好咁灰心住，就算依家感情唔係咁好，都唔代表以後都係咁㗎嗎。你可以做啲你喜歡嘅事去排解心情。,L7
到咗你想唔開心傾計想搵人嘅時候又會搵唔到人 又會覺得無朋友,我明白你嘅感受，你可以平時同身邊嘅人建立良好嘅關係，當你有需要嘅時候，我相信佢地都會肯幫你。,L2
我做題嗰陣會忍唔住老系轉頭睇睇時間  ,考試忍唔住一直睇時間，係咩原因呢？,T7
係呀我仲會成日頭痛同手震添,咖啡因同休息唔夠都可能會引致頭痛手震 都可以徵詢醫生意見睇下點樣舒緩同避免 適當服用藥物可能會有幫助,T10
姐係有冇d迅速減壓技巧？,花啲時間做自己喜歡做嘅事 同朋友聚會行街都係好辦法,T9
其實我係唔識同人溝通，無乜topic同人講。唔係一個“有趣”既靈魂。,想搵話題嘅話，可以多留意時事，睇下鍾意嘅電影/書或者劇集，或者以嗜好同其他人展開共同話題。,L5
exact7ly...佢哋一講去邊旅行...咩電視劇集 我就即刻收皮了,唔緊要㗎，你做自己鍾意嘅野就夠㗎啦。唔好忘記幫自己打氣呀。,L5
離考試越近，壓力就越大，溫書嘅時候，筆都攞唔住，手唔停噉都   ,接近考試，溫書嘅時侯手震，你會點做？,T10
考試到後邊嗰陣，我就會頻繁睇時間，擔心自己做唔曬,考試後期擔心做唔晒而一直睇時間，嗰下感受係點？,T7
老實講我已經唔記得點樣同人傾計...有時諗到可以俾唔同回應人地...但係成日唔敢表達，怕對方一係聽完DEAD AIR，一係HEA應自己,我明白你嘅感受，其實同人好好溝通、相處並唔難。試下保持適當嘅語調同眼神接觸，自然咁表達你嘅想法啦。,L5
例如考緊試果時感到頭痛心跳加速點算？,有冇辦法可以令自己減壓 頭痛不適真係會好影響考試表現 有無諗過睇醫生徵詢醫生意見 有冇試過用藥物紓緩,T10
我甚至會心痛，肚痛同手震。個心仲跳得好快同好熱添 傷心  傷心 ,不適真係會好影響考試表現 如果情況比較嚴重會幾辛苦 有無諗過睇醫生徵詢醫生意見,T10
因為我不停抬頭望周圍同學 ,不停抬頭望周圍同學，係咩原因呢？,L4
我覺得我有幾條題目我答錯咗,覺得有答錯嘅問題，令你有點嘅感覺？,T4
考試嗰陣我好攰 好緊張 迷茫,如果有同學朋友仔一齊考可以互相扶持下 多啲休息 專注做好試卷考完就可以做自己想做的事,T9
有時就算有人同你講野 有frd都好 但都總係同佢地好似無共鳴,明白你即使有人陪伴，亦都未必同身邊嘅人有共鳴而有啲無助，你可以搵學校嘅counsellor傾下㗎！,L5
雖然我覺得呢次考試我系正常發揮了，但系我總覺得我可能仲系pass唔到,既然正常發揮，總係覺得會pass唔到嘅原因係？,T2
考試嗰陣，我成日都會周圍望，睇吓其他人做成點,但係咁樣會唔會shift咗自己嘅focus,L4
自己本身好靜 又無話題又怕醜 唔主動識人,"係時候俾個機會自己,俾個機會別人,你又可以試下用交友應用程式，搵志同道合嘅朋友。",L8
考試前會因為壓力大，d小事就會喊 ,咁就要搵啲方法放鬆自己喎 搵少少時間做自己想做嘅事 多啲同信得過嘅人分享溝通 分擔一下,T9
考試果陣我會成日望住其他人,考試成日望住其他人，點解呢？,L4
成朝望住個鐘等考試結束 ,可以早過限時做完份卷 你嘅時間管理技巧好好喎,T7
自己d興趣少人玩 見d踢波打波既一堆fd玩 自己就同自己玩,唔緊要㗎，你做自己鍾意嘅野就夠㗎啦。唔好忘記幫自己打氣呀。,L5
然後就交卷了，我猜想這次成績很爛,會猜想今次成績爛，係點解呢？,T1
今日考試，我太緊張，不停望周圍同學 ,考試太緊張，不停望周圍同學，嗰陣有點嘅諗法？,L4
日日自已一個買飯係課室食 完堂走同同學禮貌講聲BYEBYE冇人理 做一組嘅功課 要討論果陣講完都冇人理 分組一定分淨最後一個,唔好咁灰心，一個人都可以過得好開心㗎，攰嘅時候唔好忘記幫自己打氣呀。,L1
太被動，講野唔叻又窮，由細到大都keep唔到同學朋友同事，依家一個舊同學都無再聯絡,聽你咁講，你因為自己唔識同人講嘢同埋窮而同同學朋友同事維繫唔到關係，你可以同學校嘅counsellor傾下㗎！,L5
有時我會無啦啦唔想同外界接觸 唔覆機唔出街邊個約都推 好懷疑自己有社交障礙,明白你因為自己突如其來對其他人嘅冷漠而懷疑自己有社交障礙，你可以同學校嘅counsellor傾下㗎！,L5
越到考試後期，我答題速度就越快 ,越到考試後期答題越快，你嘅感受係？,T7
但系我覺得好多題我都唔知點答，好似都答錯嗮。,好多題唔知點答，你嘅感受係點？,T4
孤獨到好似得番一個人喺世界上面生存咁.......,"明白這感受會令人不開心.唔好咁灰心住..其實你可以試下用social media 去keep 住朋友,又或者考慮網上交友。網上有好多論壇同交友網站，令你接觸到有共同興趣嘅⼈",L3
想搵人講嘢，打開部手機唔知可以搵邊個，個個都識，講到兩句，但係咁樣搵佢講自己嘢又唔得，碌嚟碌去搞咗半個鐘，發現原來無fd,我明白你嘅感受，你可以平時同身邊嘅人建立良好嘅關係，當你有需要嘅時候，我相信佢地都會肯幫你。,L2
成日都會變咗話題終結者，自己本身又無麥話題可以講，同事除咗搵我解難 係唔會搵我傾吓一句,從你嘅經歷中，可能你經常成為話題終結者，亦同同事冇咩深入交流，令你感到不快。,L5
考試果陣我會成日睇其他人 ,考試成日睇其他人，點解呢？,L4
雖然考完，但系我驚我成績唔高,驚成績唔高，係咩原因呢？,T1
考試題目唔知點答，點算好?,試下做多啲pastpaper睇下類似題目答法 tutroial問多啲 就會慢慢熟啦,T5
面對考試壓力，大到無法呼吸。,無法呼吸嘅感覺係好難受。可以講詳細啲你面對考試時嘅感受嗎？,T9
同事就...返咗新工半年都融入唔到 除咗早晨bye就無野好講,知道你未必可以同同事有好深入嘅交流，你可以同學校嘅counsellor傾下㗎！,L5
唔開心嘅時候發覺冇人可以傾訴 只可以係瞓覺嘅時候偷偷地係張床到喊, 你可以搵學校嘅counsellor傾下㗎。,L2
但係我考試嘅時候就寫唔到乜野,考試嘅時侯寫唔到，令你覺得點？,T5
每次心情好差的時候就唔想同任何人聯絡。,明白你呢個孤單嘅感受  你承受嘅已經太多啦 可以試吓同朋友講吓你嘅憂慮！,L5
我想我應該多記一點  ,覺得自己應該多記一點嘅原因係？,T5
我沒你想的那麼堅強，只是習慣了什麼都自己扛 其實，我也是會哭的....,聽落你俾人感覺係堅強，但當然再堅強嘅人都有需要抒發情緒嘅時侯。喊係一個好好既方法，不過都可以搵屋企人或者朋友傾訴下。,L1
就係成日都覺得好難中途加入小圈子,明白你可能對於中途加入其他圈子有啲迷失，你可以搵學校counsellor傾下㗎！,L8
考試到後邊嗰陣，我就會頻繁對時間，擔心自己做唔曬 ,考試後期驚時間唔夠用，頻繁對時間，你嘅感受係點？,T7
因為如果模擬考考得唔好，我就覺得我最尾嘅考試都會考得唔理想,"先不要那麼擔心, 想 想如果真係咁，可以掂處理？",T1
我很難記住那些考試內容和答案 ,難記住考試內容同答案，令你覺得點？,T5
我仲會成日玩支筆 隻腳喺度郁嚟郁去,不過呢啲方法能唔能夠令你容易啲recall返啲記憶,T8
有時題目好難我就直接放弃咗，然後玩筆來打發時間 ,題目太難，放棄咗之後你會覺得點？,T8
我個心仲會成日跳得好快 成個人好熱,有時深呼吸 飲水可以有少少幫助 如果方便可以離開個環境到戶外放鬆下 都可以避免飲有咖啡因嘅飲品,T10
"試過自己一個去影相,但冇伴始終差咁D",我明白你呢個孤單嘅感受呀 可以參加多啲活動搵啲志同道合嘅朋友呀,L3
"自己不嬲都好冇安全感 以前因爲啲嘢搞到自摺 好寂寞 好孤單 希望能夠有一個人自己中意嘅可以陪住自己 但係結果係一廂情願咁 
搞到依加成日都亂諗 自己一個人果時就好寂寞",覺得寂寞，希望有一個好朋友，但又擔心自己一廂情願。以前係發生咩嘢事令到你無安全感？,L8
喺外國讀緊書 真係一個朋友都無,我明白你嘅感受，你可以試下用唔同嘅方法同屋企人多啲聯繫，相信佢地都會關心你。,L3
我都覺啊 所以我成日考試都會肚痛,如果經常都係咁 會唔會同緊張或者飲食作息有關係 有冇睇過醫生 藥物會唔會有幫助 不過嚴重嘅話最好睇醫生之後先補考吧,T10
但個腦會空白諗唔到野…,試吓用mindmap整合分類好啲邏輯 用唔同嘅記憶法幫手 有時間可以email約tutor professor釐清啲概念 就會好好多架啦,T5
當你以為自己同人好FD，其實你都係係佢地個圈子外，我有努力過，但都冇用，有咩唔開心冇人可以傾訴,明白你會有孤單嘅感覺 參加多啲活動識多啲唔同嘅人啦～或者相同興趣嘅人都有幫助㗎,L2
我成績咁爛，溫幾耐都好似考唔好咁,會唔會係其他原因令到效果唔理想，試下問下師兄、同學仔睇下佢哋有冇類似嘅經驗。,T1
如果今次成績仲系唔好，我爹地肯定有會嬲我,爹哋嬲嘅時候，你會覺得點樣？,T3
唔知點樣去識人做朋友，係咪自己太內向,"俾個機會自己,俾個機會別人,你又可以試下用交友應用程式，搵志同道合嘅朋友。",L8
我應該一早要溫多d書：（,如果掌握到啲知識 考得好 應該會好有成功感添 下次要努力啲啊,T5
有好多題目我都覺得自己寫錯咗,好多題目覺得寫錯咗，係點解呢？,T4
"其實覺得識人唔難,難ge係點樣keep住一段關係,所以好多hi bye fd",覺得識人唔難，而keep住一段關係先至難。可以解釋下俾我聽嗎？,L6
好多題目都唔識做，我會唔會唔好成績,"先不要那麼擔心, 想 想如果真係咁，可以掂處理？",T1
我都係大一年，溝通唔到，可能係我太老積，都可能係佢哋太純品，總之就係冇共同話題，好多都係fd fd下就不了了之,"我明白你嘅感受，其實同人好好溝通、相處並唔難。你可以試下繼續結識朋友,終 有一日您會找到connect到的人，同人溝通有困難嘅時候唔好忘記幫自己打氣呀。",L5
我考完啦…但應該唔合格呀,"難得終於捱過考試，搵朋友出嚟聚下傾下放鬆下啦。用嚟緊啲時間裝備自己，好多同學仔都試過second take, tri-take拉分架。",T1
"畢業後同朋友漸行漸遠,好頹,想圍爐,有冇人都係孤獨地生存在社會..",我感覺到你希望有親近嘅朋友。同交朋友漸行漸遠呢件事，可唔可以講多啲俾我聽？,L6
可能我成日諗住如果考得唔好，我爹地媽咪會失望,擔心自己考得唔好，令家人失望。呢件事令你有點既感受呢？,T3
中學打後朋友一年少過一年，佢地拍拖嘅拍拖，返工嘅返工，有啲人大左價值觀唔同左又就疏遠左，依家好似無朋友咁,"明白這感受會令人不開心,可能花多些時間珍惜現有的身邊好友.太過緬懷過去可能令人傷感",L3
D人話大學朋友係酒肉朋友 我d大學朋友只係日日傾學業 搞到我都唔想理佢地 但唔理佢地 我有問題又冇得問 難聽d講句只係互相利用 被逼相處,被逼相處嘅感覺的確難受。你嘅大學朋友淨係傾學業，令你有點嘅感受？而你想問但又冇得問嘅問題係咩呢？,L6
越大發覺無拍拖真係好孤單,我明白你嘅感受，你可以出街散下步、觀察下街道上嘅⾏⼈，或者同鄰居打個招呼， 都會令你冇咁孤單。,L3
"呢種感覺好辛苦
曾經仲為過男仔而傷害自己 因為我都好怕孤獨
將自己所有放係佢身上
最後慢慢有情緒問題 btw我愛你啊朋友",我明白你嘅感受，有冇諗過做運動減壓呢？運動可以改善情緒，人都精神啲！,L1
我唔想做題嗰陣就會轉筆,唔想做題就會轉筆，你當時有點嘅感覺？,T8
"屋企人去哂旅行 得我一個留係屋企
深夜揾唔到人吹水 自己一個落街買左包煙番屋企食哂成包之後訓",聽到你因為屋企人去咗旅行而搵唔到人傾計，感到有啲孤獨。,L2
考試嗰陣我會忍唔住轉筆,考試忍唔住轉筆嘅時候，你有點嘅感受？,T8
分數差，又會比爸爸媽媽話我,爸媽話你，你會覺得點？,T3
雖然我複習咗咁耐，但系感覺合上書就唔記得溫咗乜野,試吓用唔同嘅記憶法幫手 將學術知識同日常生活連繫 例如平時可以上youtube搵相關嘅短片睇下 或者用一啲生動有趣嘅聯想 多啲複習 充足嘅休息都有助記憶架,T5
考試時侯個腦會變左空白…記唔起曬d野…,考試嘅時侯個腦空白咗，你會有點嘅感受？,T5
"如果你獨處時感到寂寞，這說明你沒有和你自己成為好朋友。

#單身 #單戀 #寂寞 #孤單 #自己煮 #朋友 #好朋友","明白這感受會令人不開心.唔好咁灰心住..其實你可以試下用social media 去keep 住朋友,又或者考慮網上交友。網上有好多論壇同交友網站，令你接觸到有共同興趣嘅⼈",L3
因為好驚唔pass 冇信心,明白你嘅擔憂。不過，點解冇信心呢？,T2
今次考試好難丫，我想跳樓,哦，明白，但係死解唔解決到個問題？,T11
好唔開心  但身邊冇一個人明白你種感覺好難受,我感覺到你而家好傷心。今日發生咗咩事呢，我想聽你講下。,L4
我覺得我所有答案都係錯，我考得一定會好差,覺得自己答咩都錯嘅原因係？,T4
我考試果陣通常都想快啲做完,考試想快啲做完，你有咩對策？,T7
但係如果我考得低就好難有好成績,搵下past paper 努力準備好個exam 或者搵朋友／教授幫下手搞清楚啲concept 可能有幫助呢,T2
我考試會好驚，有咩方法可以放鬆?,熟習多啲past paper同題目會唔會令你多啲信心冇咁緊張 或者可以同同學朋友一齊溫 一齊面對感覺會好啲,T9
我我聽日就要考試啦，點算，我超擔心,聽日要考試所以你好擔心，可以講下你呢刻嘅諗法嗎？,T9
考試成日都緊張到手震個不停,輕微手震應該好普遍嘅 不過如果嚴重或者持續好耐就最好請教下醫生 避免飲有咖啡因嘅飲品都可能有幫助架,T10
考試嗰陣我好攰 好害怕 迷茫   ,考試覺得攰，害怕，迷茫，係好難受。 可以講多啲你嘅諗法嗎？,T9
跟住就緊係希望無壓力啦,加油喔 捱過咗就有多好多時間空間做你想做嘅事,T9
好自卑 覺得自己做咩都會做得唔好 好難搵到啱傾嘅朋友,聽落你似乎對於自己冇咩自信心，覺得自己好難去做好每一件事，更因而感到自卑，唔敢認識新朋友。你可以同學校嘅counsellor傾下㗎！,L8
我考試嗰陣好緊張，想佢快d完，你有冇乜嘢建議?,都好common嘅 準備多啲 熟習啲題目 表現就會好啲快啲完卷 甚至可以早走添,T9
咁孤獨感就緊係人人都有 所謂真誠對待朋友 其實做啲朋友做得兄弟點會唔真誠 但係始終朋友呢個定位會有種隔膜 就算點真好都係唔會去到個種感覺 可能呢啲所謂知己 老死真係唔係人人會有 就同眾裡尋他一樣難,不如試一試主動一d，話唔定怒會發現好多好朋友,L8
我正正面對呢樣嘢:-(  多過一個人就覺得自己圈外人，好似棟喺到湊人數咁,試吓對而家嘅朋友敞開 或者淨係同你覺得相處比較舒服嘅朋友一齊～或者試吓可以喺新嘅圈子同其他人相處,L7
聽日就要考試啦，點算，我好擔心,擔心聽日嘅考試，具體係擔心的咩呢？,T9
中學去左外國之後一直有好長時間都一個人住，唔知係咪因為咁喺人際關係，溝通方面都唔係太叻,明白呢個感受會令人唔開心，試吓對人敞開自己,L8
所以我好驚我嘅答案唔係正確答案,驚自己答案唔正確，點解呢？,T4
但我手會成日震，頭又痛,不適肯定好影響你嘅表現 可以搵醫生傾傾睇下藥物或者深呼吸之類會唔會有幫助舒緩,T10
"曾經係一個成日笑, 算多朋友既�妹…但係中學時期發生太多唔好既事令到自己越來越anti-social,搞到15歲就開始摺埋自己、有dysthymia、得返1-2個知心朋友(無乜普通朋友因為唔識維持同溝通)、非常依賴酒精 [sosad] 
經過多年後既今日, 我依然好怕dealing with people, 尤其係女仔 (利申: 讀左12年女校), 亦變到好似唔再識同人溝通咁… 
如題…",你可以試下網上交友。網上有好多論壇同交友網站，令你接觸到有共同興趣嘅⼈。,L8
覺得好孤獨,聽到你感到孤獨，可唔可以講多啲比我知發生咩事呀？,L3
無論身邊有幾多人都好似唔會明白我所思,明白這感受會令人不開心..你可以搵學校嘅counsellor傾下㗎..敞開自己 唔好收埋負面情緒,L4
我唔識做題嗰陣就會玩筆 ,唔識做題，玩筆嘅時候，你有點嘅感受？,T8
"走asshole後門入黎 yr3開始讀起
一開學已經見到d人已經分好圈子:-(融入唔到.......
仲要係學校d嘢我又咩都唔知 想問下人都冇朋友 咩都自己搞掂算
有冇人都係咁 好擔心以後都係自己一個......
明明我都唔係狗仔狗女 點解會咁㗎#cry#dog
有冇同路人圍下爐？",談到校園生活嘅時候，你提到自己因為係副學士升上大學，而無法融入他人嘅圈子。再者對於大學嘅一切仲未係好了解，所以好擔心要自己一個面對所有難題，是嗎？你可以搵學校嘅counsellor傾下㗎！,L7
我都成日唔開心架 好多秘密只可以自己收埋,太多心事喺心裡面的確會好辛苦。你可以搵屋企人或者朋友傾訴。再唔係，搵學校/社區嘅社工都得。,L2
我真後悔沒有認真復習，考試時又走神,後悔無認真復習同埋考試走神，的確係難受。,T5
我覺得我做得好爛，分數應該得好低分,"先不要那麼擔心, 想 想如果真係咁，可以掂處理？",T1
可能因為我中學太毒，唔識同人相處，又冇乜join啲咩活動，同班中同唯一交集淨係得一齊打機，都冇乜交過心,覺得中學嘅時侯唔識同人相處，只有打機嘅朋友，果陣時發生咗啲點嘅事呢？,L6
嚟緊考dse好緊張 迷茫 ,身邊好多人都好支持你哋 多啲同佢哋分享 佢哋好樂意聆聽同瞭解您架,T9
是的，但是我確實複習得不夠,意識到做得不足嘅地方好好 針對問題努力去改善 好快就會見到進步,T5
好似成個透明人咁 見到其他同學上堂有傾有講 :-( 我覺得自己是零  我都係想要個朋友姐 ,有時候要勇敢踏出第一步，以誠懇嘅態度同人交流。終有一日您會找到connect到的人，唔好忘記幫自己打氣呀。,L8
壓力大嘅時候，我個肚就唔舒服,壓力大而個肚唔舒服嘅時候，你會點做？,T10
"當人大左，由1x進入2x有份穩定又有前景既工，有小小錢，進入人生另一個階段，但無左生活既動力同目標，朋友愈來愈小真心難求，而且另一半更難搵到既時候，開始覺得孤獨好可怕，但明明幾年前覺得wfc:o) 
嗚啊:-(",明白你呢個感受先唔好灰心 一係試吓搵吓自己嘅興趣先,L1
我好緊張呀，如果呢次我仲唔合格點算,明白你嘅緊張。為咗合格，今次你打算點樣準備？,T2
考試時我很難想起答案，我覺得我的答案都錯,試下做熟啲pastpaper tutroial問多啲 用唔同嘅記憶法幫手 就會有多啲信心,T5
我真應該好好準備的，不至於答不出題,答不出題令到你有點樣嘅感覺？,T5
自從中學畢業，我越黎越覺得自己同其他人價值觀好唔同…,你所講嘅價值觀具體係指啲乜嘢呢？可以舉例嗎？,L5
所以我好緊張我嘅答案唔係正確答案,好緊張答案唔正確，係咩原因呢？,T4
而且考試嘅時候，我總擔心時間唔够，趕唔切,考試擔心時間唔夠，你會有點嘅對策？,T7
我考試時候很急要完成考試時我很難想起答案,擔心唔夠時間趕住做卷都好common嘅 試吓一收到考卷由頭到尾睇一次 分配好時間 有策略咁做卷 做熟啲pastpaper 咁就無咁容易緊張同失準啦,T5
唔知啊，總之我就係好焦慮,對於覺得焦慮，我想聽你講多啲自己嘅感受。,T9
"平時鍾意周圍影相,都搵唔到人一齊去..",我明白你嘅感受，你可以試下同屋企人多啲聯繫，相信佢地都會陪你。,L3
其實由細到大，我唔係冇嘗試識人融入人，而係次次比我感覺都好差,唔好咁灰心住，你可以試下網上交友。網上有好多論壇同交友網站，令你接觸到有共同興趣嘅⼈。,L8
我在最近的考試中感覺我好多都不對,最近考試覺得好多都唔啱，係點解呢？,T4
但係大學識既同學真係好難fd到 好多要返工呀  同埋上堂又好少機會坐:)  話題都無乜,可能你未必同大學既同學有好多嘅話題，感覺好難維繫關係，你可以同學校嘅counsellor傾下㗎！,L5
"佢影響到我思想同行為,自此變得唔敢同人有深入既交流",明白你因為過往嘅經驗而令自己唔敢同人有深入嘅交流，你可以同學校嘅counsellor傾下㗎！,L6
我背唔到野啊，溫左好耐都唔得,多啲複習 試吓用唔同嘅記憶法幫手 將學術知識同日常生活連繫 或者用一啲生動有趣嘅聯想 唔記得嘅內容都可以靠推論搵番出黎 充足嘅休息都有助記憶架,T5
慣咗個人係咪就注定成世一個人..,"明白這感受會令人不開心.唔好咁灰心住..其實你可以試下用social media 去keep 住朋友,又或者考慮網上交友。網上有好多論壇同交友網站，令你接觸到有共同興趣嘅⼈",L3
我都明白 但我都係怕分數會唔好,擔心分數會唔好，令你有點嘅感受呢？,T1
一樣，自己真係唔會話想識好多人好多fd咁，只求幾個會傾到心嘅人，男女又好。莫講話去咩ocamp上莊的，成日覺得佢地都係一時覺好玩定點，自己就唔覺，會覺得佢地grad左或者幾個月後就跟本唔會再識大家咁，係人做佢又做，人玩佢又玩咁。,我明白你嘅感受，真正嘅朋友會分擔你嘅憂愁，互相扶持。只要你係真心對人嘅話，別人係看得見㗎。,L6
"我份人太麻甩, 所以同女仔無乜話題, 再加上以前讀女校有陰影",聽落以前喺女校發生咗令你唔開心嘅事，可以講嚟聽下嗎？,L5
我覺得我答得好差，考試應該得好低分,認為自己答得差，係點解呢？,T1
怕孤獨又好孤獨 無乜朋友咁濟,明白你會有咁嘅感覺唔好咁灰心先可以試吓用social Media 搵吓朋友,L1
"自從散咗之後間中就覺得好孤獨,本身自己朋友唔多,出咗嚟做嘢更加識唔到..",明白你嘅感受試吓搵多啲嘢做充實下自己 唔好俾自己落入寂寞嘅感覺,L8
呢幾日我都害怕到瞓唔著，好驚呢嗰會影響到我聽日嘅考試,呢幾日因為害怕所以瞓唔著，實好辛苦。可以講下你呢一刻嘅感受嗎？,T9
今日老師話下星期考試，然後我就好焦慮,老師話下星期考試，令你焦慮嘅原因係？,T9
上到大學到依家都識唔到一個朋友，大學個個都social，圍威喂，你唔social唔埋堆根本識唔到人,唔好咁灰心住，其實同人有多啲共同經歷嘅時候，慢慢就會變成朋友，友誼都會更深厚。唔好忘記幫自己打氣呀,L8
"有時我一個人喺屋企都會頂唔順太靜,開住電視唔睇.",我明白你嘅感受，有冇諗過每⽇做運動呢？運動可以改善情緒同減壓，做完運動人都精神啲！,L1
可能份卷太長我驚唔夠時間做,盡力而為啦 如果有策略咁做容易搶分嘅題目先 咁樣應該可以拎到唔錯嘅分數 有啲教授會特登出好多俾你地揀嚟做架喎,T7
其實就算身邊有人都會孤獨 有朋友 男朋友 家人 都係會孤獨 人愈大 就覺得同成個世界愈疏離 條命屬於自己 路都係自己行,我明白你會有呢個感受 試吓同你嘅另一半傾吓 敞開自己 比對方知道你係咩感受,L3
"雖然唔係話成日都自己一個咁,但心靈上都係感到好孤獨.",我完全明白你身邊有朋友，但係心靈上都係覺得孤獨，如果呢樣野對你造成困擾，你可以搵學校嘅counsellor傾下㗎！,L3
好多心事又唔好意思同啊媽講，但又冇人可以做聆聽者，希望可以一瞓解決,"唔好咁灰心住,你可以試下識多啲人，終有一日您會找到你嘅聆聽者。同人溝通有困難嘅時候唔好忘記幫自己打氣呀。",L5
讀書嘅壓力好大，唔想讀落去，感覺都要抑鬱噉,讀書壓力大，我明白。你呢刻嘅心情係點？,T11
考試成日都緊張到手震得厲害,如果嚴重或者持續好耐就最好請教下醫生 避免飲有咖啡因嘅飲品都可能有幫助架,T10
每晚就只剩下自己一個面對無明孤寂,聽到你每日晚上都要孤獨地面對事情而感到唔開心，你可以搵學校嘅counsellor傾下㗎！,L3
"尋日到一個真的懂你的知音,談何容易?",搵到知音的確唔容易。你有咩辦法去搵？,L4
今日考試我緊張到嘔呀  ,緊張到要嘔，係好辛苦。可以講多啲你嘅感受嗎？,T9
點樣安排多啲時間比自己溫習,比啲小任務自己去增加專注力同動力 將其他唔關事嘅嘢拎走／調一調時間 或者約同學一齊組團溫書互助 分配好時間 一定會考得更加好,T5
有時我諗野嗰陣，我會睇緊第二度神遊，然後就定曬形,諗野神遊，定型嘅時候，係諗緊啲乜嘢？,T6
因為我溫書好難記住知識點,試吓用mindmap整合分類好啲邏輯 用唔同嘅記憶法幫手 可以將學術知識同日常生活連繫 或者一啲生動有趣嘅聯想 充足嘅休息都有助記憶架,T5
考試嗰陣，我有時會出神，然後望住某個地方定曬形  ,考試出神，望住某處定型嘅時侯，係諗緊乜？,T6
明明周圍一大堆人，反而覺得更加孤獨,聽到你對於身邊有人卻無人明白你，因而令自己感到孤獨。你可以搵學校嘅counsellor傾下㗎！,L3
越近考試個人就越來越緊張，都唔知道應該點算好 ,越近考試越緊張嘅時侯，你會有點嘅諗法？,T9
啲秘密收收埋埋  我真係好想好想搵到個人比我講哂出嚟 一個就夠了,明白你無法搵到人分享秘密果種失落，你可以搵學校counsellor傾下㗎！,L2
咁你可唔可以俾d唔會咁害怕考試嘅方法我呀 傷心 ,熟習多啲past paper同題目會唔會令你多啲信心冇咁緊張,T9
你覺得我考得不好他們會對我失望嗎,佢哋失望會令你有點嘅感受？,T3
"覺得自己好似孤伶伶一個死左都冇人知咁
就喊撚左，喊到好撚癲",明白你感到孤單，擔心無人得知你嘅近況，你可以搵學校counsellor傾下㗎！,L1
越到考試後期，我寫題速度就越快,完成了後你覺得點？有冇舒服點？,T7
係啊！我黎緊好多考試啊，起碼有4科,試下設立唔同嘅階段性目標比自己 視乎目標分配好每一科嘅時間 逐步去努力達成 或者試下form study group同同學仔一齊努力互補不足 咁就會無咁辛苦架啦,T5
我好擔心我最後出到來的結果,擔心最後結果嘅時候，你會諗啲乜？,T1
有時其實冇咁嚴重嘅時候，就會全身發熱，除咗四肢係冰冷嘅,如果身體不適好嚴重 最好盡快睇醫生 睇下有咩舒緩方法或者藥物可以幫到手,T10
諗深一層其實自己都冇咩可以令人想識自己,有時候要勇敢踏出第一步，以誠懇嘅態度同人交流。唔好忘記幫自己打氣呀,L8
"唔會有人主動約自己,以前都會搵下我攝時間",試吓搵吓其他嘅朋友 比下其他人機會 或者都可以主動約下人,L2
如果今次考得吾好 成績就會吾好 甘就會搵吾到好工 甘就吾會有好ge一生,睇黎今次考試對你黎講真係好重要。你而家嘅感受係？,T2
次次考完試我都覺得自己好似冇溫書一樣，好多內容都冇複習到 ,考完覺得好似無溫書咁，好多內容都無複習到，係咩原因呢？,T5
每次考試都忍唔住會諗 今次考得有幾爛,每次忍唔住諗考成點嘅時候，你嘅心情係？,T4
我好擔心個考試會好難 ,擔心考試好難嘅原因係？,T5
糟糕了，我今天考試好爛,覺得考試好爛，係咩意思呢，可以講多啲俾我聽嗎？,T1
朋友多數大學識，唔知係咪中學個時無咩防範好容易交個心出嚟識人，上到大學/大專比較難識真心朋友,試吓對而家嘅朋友敞開 或者淨係同你覺得相處比較舒服嘅朋友一齊～,L8
開始期間我好緊張，很害怕,如果有多啲時間同精神預備考試 熟習多啲past paper同題目 會唔會令你多啲信心冇咁驚,T9
我考試果陣，我心跳得厲害,咁你應該好緊張喎 有無試過點樣可以加強你嘅信心或者令自己定啲,T10
我覺得我會做錯哂，然後我啊爸會鬧,擔心自己做錯晒，係點嘅原因呢？,T3
每次考試都會忍唔住不停睇錶  ,每次考試都忍唔住一直睇錶，點解呢？,T7
一個人真係好辛苦…但係又冇人可以幫我,明白這感受會令人不開心..你可以搵學校嘅counsellor傾下㗎..敞開自己 唔好收埋負面情緒,L2
我覺得我做得好爛，成績應該得好低分,認為自己做得爛，係咩意思呢？我想聽你講多啲。,T1
"唔開心想搵人傾下偈whatsapp又好傾電話又好, 碌運成部電話都搵唔到一個可以傾計嘅人, 有冇人明白呢種感覺, 真係好唔開心 ",明白你會有孤單嘅感覺 參加多啲活動識多啲唔同嘅人啦～或者相同興趣嘅人都有幫助㗎,L2
分數不高就覺得對不起我的父母,"其實不必太介意父母的期望,最緊要知道自己有冇進步定係停濟不前，努力過後冇愧於心就冇問題了",T3
"""而且考試嘅時候，我總擔心時間唔够，做唔切   """,考試擔心時間唔夠，你會點應對？,T7
離考試越近，壓力就越大，溫書嘅時候，筆都攞唔住，手唔停冒汗啊,放鬆點！可能你太緊張啫！,T10
樓主感覺壓力好大，無人明白既感覺真係好差,壓力大同冇人明白的確難受。有咩事令到你壓力大呢？,L4
冇朋友嘅感覺真係好難受 日日屈係屋企好大壓力好辛苦,我明白你嘅感受，有冇諗過每⽇做運動呢？運動可以改善情緒同減壓，做完運動人都精神啲！,L1
如果考緊試果時好驚又太緊張呢,咁就要搵啲方法放鬆自己喎,T9
考試嗰陣我個頭會唔舒服,考試嘅時候頭唔舒服，係好辛苦。你會點應對？,T10
點樣考完試之後唔好咁擔心成績？,約D朋友出尼玩下轉換心情，或者試下將注意力放在學習下新事物上面，考試結果就等成績公佈先再唸,T1
係公司被邊緣，完全融入唔到，好似講乜都講唔到咁…,我能夠感受到你被身邊同事邊緣化，而且同佢地唔多話題嘅困擾。,L7
我好難去記d答案，我驚我寫既答案係錯,如果試吓用唔同嘅記憶法幫手 試下做熟啲pastpaper tutroial問多啲 就會有多啲信心,T5
答唔出嗰陣，我就睇住人哋  ,答唔出就望住人哋，會令你有點嘅感覺？,L4
啊爸話再fail就無得開電腦，宜家唔知點算好,無得開電腦，對你會有點嘅影響？,T3
做咩都無動力 想搵個人陪下自己摺都唔得 日日都好多煩惱 放鬆唔到自己,從你嘅話語中，我感覺到你有好多煩惱，無法搵人傾訴或自己解決，你可以搵學校嘅counsellor傾下㗎！,L3
我好緊張呀，如果呢次我仲唔pass點算,"明白你嘅緊張。為咗pass,今次你打算點樣準備？",T2
身邊的人的價值觀與我不同,"俾個機會自己,俾個機會別人,當然最好係識得志同道合嘅朋友，但都要先了解自己有咩愛好，多參與活動，咁樣就算識唔到新朋友起碼都係自己鍾意做嘅事，唔會浪費左金錢同時間。",L5
緊張到個心好似跳個不停咁,緊張到個心跳不停，你有點嘅感受？,T10
不知道這次考試結果怎麼樣,唔知考試結果點，能你嘅感受係？,T1
父母期望好高，永遠都做得唔好， 所以就好攰,明白你因為父母期望高所以覺得攰。不過，點解覺得自己永遠做唔好呢？,T3
我覺得自己考得唔好，好多地方都卡住了冇講好,哦，盡了力便可，不用太介懷！,T4
搬左出黎自己一個住，好孤獨,"明白這感受會令人不開心.唔好咁灰心住..其實你可以試下用social media 去keep 住朋友,又或者考慮網上交友。網上有好多論壇同交友網站，令你接觸到有共同興趣嘅⼈",L3
所以遇到識嘅題目，我總系想儘早答完,遇到識嘅題目想快啲答完，你會用咩方法？,T7
可能我考試準備得不夠都係原因之一,意識到做得不足嘅地方好好 針對問題努力去改善 早啲開始準備 好快就會見到進步,T5
雖然考試前我溫習咗好耐，但系我覺得一考試我就記唔起,溫咗好耐書，但係考試記唔起，令你有點嘅感受？,T5
覺得自己好差 同亦好孤獨,敞開自己 唔好收埋負面情緒 或者都可以主動約下人,L3
我自己想識人，日日一個好難捱,你可以試下網上交友。網上有好多論壇同交友網站，令你接觸到有共同興趣嘅⼈。,L8
我都讀左3個sem都冇朋友，我衰唔主動，個樣好有戒心，搞到冇朋友,明白你會有孤單嘅感覺 參加多啲活動識多啲唔同嘅人啦～或者相同興趣嘅人都有幫助㗎,L8
"""父母成日對我分數要求咁高","每人天份都不一樣，同一教材人人理解不同，要求合理定係不合理丶在能力所及的範圍嘗試符合合理的要求吧,最緊要知道自己有冇進步定係停濟不前，慢慢提升水平便可。",T3
我很難記住答案。我認為我的大多數答案都係錯的同埋我d成績會很差。我怕我會做得好差，成績不好。我擔心考試會好難，做錯同埋及爸爸媽媽的反應。我認為我應該比多d心機讀書。,試吓用唔同嘅記憶法幫手 平時可以喺唔同嘅網上平台搵相關嘅影片睇下 輕鬆啲之餘又可以recall返啲記憶 加埋做熟啲pastpaper tutroial問多啲 搵個機會同父母討論下 加深彼此嘅了解同支持 就會有多啲信心,T5
寂寞會係呢條路最大既敵人，成日形單隻影對心理好唔健康，生活冇寄託都好難搵到生存既意義,我明白你嘅感受，其實一個人都可以好開心，過得好好㗎。,L1
唔合格點算！PROFESSOR一定出好難,做多啲 試題熟習 唔明白嘅地方多點複習 搵教授了解清楚喔 就會有多啲信心 可能到時拉curve難倒其他人難唔到你呢,T5
"好似孤兒咁,冇做過孤兒既人想像都唔會想像到個種感受.",你可以出街散下步、觀察下街道上嘅⾏⼈，或者同鄰居打個招呼， 都會令你冇咁孤單。,L3
因為我唔想同人講 好驚佢地覺得好煩 一到夜晚就好想喊,"俾個機會自己,俾個機會別人,當然最好係識得志同道合嘅朋友，但都要先了解自己有咩愛好，多參與活動，咁樣就算識唔到新朋友起碼都係自己鍾意做嘅事，唔會浪費左金錢同時間。",L5
"腸胃炎自己一個入咗去睇急症
醫生叫留院一晚順便吊鹽水
出院都係自己一個返屋企",我明白你嘅感受，幾辛苦都好，都要撐住，唔好忘記幫自己打氣呀。,L1
父母對我要求好高…可以點算好？,最緊要盡力做好自己 問心無愧 都可以 多啲同屋企人溝通 唔好忘記仲有好多好支持你嘅朋友,T3
好想死 唔想再生存 好想有人可以聽下我講野 同我傾,我知道你而家覺得好辛苦。你可以搵學校或者社區嘅社工，佢哋會細心聆聽。,L2
"""試過好幾次系重要考試前頭痛",咖啡因同休息唔夠都可能會引致頭痛 可以徵詢醫生意見睇下點樣舒緩同避免 如果好嚴重到影響表現就寧願睇醫生再補考,T10
我仲系好緊張，唔知自己今次會考成點,唔知今次考成點而覺得緊張嘅時侯，你會諗啲乜？,T1
但做完之後我考試個陣都會手震,如果嚴重或者持續好耐就最好請教下醫生 避免飲有咖啡因嘅飲品 睡眠充足都可能有幫助架,T10
考試題目唔識寫，點算好?,考試題目唔識寫會令你覺得點？,T4
我對了答案，發現很多題目都答錯了,對答案之後，你有點嘅感受？,T4
"我都係身邊冇咩朋友,想行街 睇戲有人陪都難...",我明白你呢個孤單嘅感受呀 可以參加多啲活動搵啲志同道合嘅朋友呀,L3
"另一半喺好多興趣觀念都唔同步,有時陪咗會反而孤獨..",我明白你會有呢個感受 試吓同你嘅另一半傾吓 敞開自己 比對方知道你係咩感受,L5
有時遇到唔識嘅題目我就忍唔住會抖脚,遇到唔識嘅題目，你有點嘅感受？,T8
唔開心。一靜落黎就好唔開心,聽到你靜下來嘅時候就感到唔開心，你可以搵學校counsellor傾下㗎！,L1
"好想有一個可以傾心事o既朋友
可能分享一切o既朋友
但打開電話 係一個都冇
就算厚面皮搵xxx
人地都擺明wfc你",聽到你未必可以搵到一個傾心事嘅朋友而感到不快，你可以搵學校嘅counsellor傾下㗎！,L2
好呀！但考試過份緊張有咩方法可以解決？,準備多啲 熟習啲題目會唔會有幫助 都要抽少少時間畀自己放鬆下,T9
雖然系噉，但系我都不免少少緊張同埋擔心,少少緊張同擔心都好正常，不過你會點應對呢啲情緒？,T9
生日永遠冇人記得，每日都冇人約，日日都係自己打機，返學放學都自己一個，覺得自己生活每日如是，人生根本冇意義,明白你會有孤單嘅感覺 參加多啲活動識多啲唔同嘅人啦～或者相同興趣嘅人都有幫助㗎,L1
平日都做係一個好活潑開朗既人 但有時真係想幾日都唔同人接觸 比起以前依加會驚同人相處過程中做左無心之失 無形中比左壓力自己 好唔想講錯野做錯野搞到大家都唔開心 寧願自己一個 ,"俾個機會自己,俾個機會別人,當然最好係識得志同道合嘅朋友，但都要先了解自己有咩愛好，多參與活動，咁樣就算識唔到新朋友起碼都係自己鍾意做嘅事，唔會浪費左金錢同時間。",L5
如果今次考衰左會冇咗first hon,咁真係會好大壓力 搵下past paper 畀心機準備好個exam先 其他嘢可以考完再部署嘅,T2
我次次入咗考場都會很緊張,次次入咗試場就緊張，你係點面對？,T9
考試嗰陣時太緊張 心跳得厲害 仲會覺得好熱,考試太緊張，心跳厲害又覺得熱，嗰陣你會點做？,T10
遇到難題目嗰陣，我就忍唔住兩頭望,難嘅題目其他同學都可能會唔識吧,T6
考試嗰陣我胃會好痛  ,考試嘅時侯胃痛，你會點處理？,T10
我覺得我所有答案都寫錯，我成績一定會好差,唔好失望，希望在明天,T1
一想到這次的分數我就擔心的不行,擔心今次嘅分數時，你會有點嘅諗法？,T1
我覺得我好多題都係答錯,覺得自己好多題都答錯，係點解呢？,T4
有心去識但都係無人理,你可以試下網上交友。網上有好多論壇同交友網站，令你接觸到有共同興趣嘅⼈。,L8
"我以前都覺得一 班人 去食, 做咩都有人 陪好D
但發覺, 一 個食享受到個食野感覺, 一 個人 去旅行可以感受到周圍既野多D
你係見到人 地一 對對一 時寂莫O者",聽落你對於獨住嘅睇法有所改變。我想聽下你講改變係點造成嘅。,L3
一緊張我就會東張西望 ,有時環境嘅事物可以幫你聯想到一啲知識同答案 好自然 不過 做多啲past paper 熟習考核內容 到考試就無咁緊張啦,T6
我擔心我屋企人會唔滿意,你擔心嘅係屋企人邊方面嘅唔滿意呢，我想聽你講多啲。,T3
我考試嗰陣會好緊張，四圍望，想考試快d完,考試難免會緊張 正常不過吧 不過做多啲past paper 針對性做熟考核內容 到考試就會有多幾分自信啦,T6
愈大愈難搵真心朋友 原來係真嘅 個個都會睇利益做人嘅 咁好咩?,覺得愈大愈難搵真心朋友，而其他人會睇利益做人，令你有點嘅感覺？,L6
日日返學夜學，放假自己出街食野，做gym睇戲，幾時都係自己,你需要自己一個面對生活既事同挑戰，可能會令你有啲無力，你可以搵學校嘅counsellor傾下㗎！,L1
我教會 是有分小組的，過後 我的小組的全部女生 都一起出去了，但就是沒有約我。已經很多次都是那樣了，我真的很失望。,明白你呢個感受先唔好灰心 或者試吓可以喺新嘅圈子同其他人相處,L7
"孤單好正常,過多十年廿年你會發現唔關地方事,去到邊度都一樣會孤單.",覺得孤單好正常，而且去到邊度都一樣孤單。你係幾時開始咁諗嘅呢？,L3
有個變態老母長期精神金錢壓榨 但對住其他人扮哂nice令身邊的人覺得係我錯 無人明我,明白俾人誤會嘅感覺唔好受。不過，你講嘅精神金錢壓榨，可以舉例講下嗎？,L4
我估我到考試嗰陣會胃痛，我以前都試過系咁 ,考試嘅時候胃痛，你會點處理？,T10
呢一年有努力去試下搵多啲朋友，但係完全跳岀自己個舒服圈都幾辛苦,"明白這感受會令人不舒服;其實可以作出平衡. 留些空間.時間給自己,不用完全跳岀自己個舒服圈      ",L8
考完試之後 我覺得我寫嘅答案可能錯好多,考完試覺得可能錯好多嘅原因係？,T4
我係咪應該一開始分配好作答嘅時間?,如果拎到份卷由頭到尾睇一次 然後有策略咁做容易攞分嘅題目先 控制好每題嘅時間 會唔會容易啲拎到好成績,T7
人到中年真係開始明白咩孤獨 真係已經無晒朋友咁制,我明白你呢個孤單嘅感受呀 可以參加多啲活動搵啲志同道合嘅朋友呀,L3
我唔開心時人哋冇責任要做我嘅負面情緒嘅垃圾桶...,有負面情緒嘅時候唔洗自己捱，可以搵學校/社區嘅社工傾下。,L5
一想到這次的分數我就怕的不行,一諗到今次嘅分數就怕，係咩原因呢？,T1
我成日係考試期間留意房間環境同其他人,考試難免會緊張 正常不過吧 其他同學都可能會唔識 另外做多啲past paper 針對性做熟考核內容 到考試就會有多幾分自信啦,T6
考試個陣心跳跳得厲害，好緊張呀 ,考試嗰陣心跳快又緊張，你會點做？,T10
亦都無人主動邀請你加入佢地圈子，就算有，視你為一份子嘅人亦唔多,無收到其他人邀請加入圈子，或者入到去比較少人視你為一份子，令你有點樣嘅感覺？,L7
一直都禁孤單，冇朋友，唯有喺網上放負，對唔住,孤單的確好難受。你唔需要為網上放負道歉。網友點樣回應你？,L3
放假個陣自己戇鳩鳩係屋企唔知做乜好,聽你咁講，你放假既時候未必搵到其他人陪伴，令你有啲孤單同唔知做咩好，你可以搵學校嘅counsellor傾下㗎！,L1
有text group吹水 間唔時出嚟食飯聚下 但好似爭個人陪我撐陪我行...,我完全明白你身邊有朋友，但係冇人撐住你果種無奈，你可以搵學校嘅counsellor傾下㗎！,L2
我感到緊張，不斷查看時間，想盡早考完,都好common嘅 準備多啲 熟習啲題目 分配好時間答題 表現就會好啲快啲完卷,T9
"比起係大學識一大堆hi bye fd 我更加想識到1,2個可以傾下心事既人 平時唔開心又可以text佢地",試吓對而家嘅朋友敞開 或者淨係同你覺得相處比較舒服嘅朋友一齊～,L6
我經常會在考試時左右張望,考試東張西望，你當時有點嘅感覺？,T6
想搵人講但知道唔可以煩到人 搞搞下就冇哂朋友,其實同人好好溝通、相處並唔難。試下保持適當嘅語調同眼神接觸，自然咁表達你嘅想法啦。,L5
好多舊朋友一拍拖個世界只係得返男朋友，就係wts都好少聯絡,唔好咁灰心住，就算依家感情唔係咁好，都唔代表以後都係咁㗎嗎。你可以做啲你喜歡嘅事去排解心情。,L7
我大學就快畢業 想提成積,你意思係，大學就快畢業，所以想提升成績？,T1
我覺得好緊張，想快d離開考場,都好common嘅 準備多啲 熟習啲題目 表現就會好啲快啲完卷,T9
最近轉埋新工咩人都唔識好孤獨,敞開自己 唔好收埋負面情緒 或者都可以主動約下人,L3
又好驚其他科嘅考試會仲難 唉,試下設立唔同嘅階段性目標比自己 視乎目標 分配好每一科嘅時間 逐步去努力達成 或者試下form study group同同學仔一齊努力互補不足 咁就會無咁辛苦架啦 容易嘅科努力考好啲 難嘅科盡力唔考太差 拉分應該都會有滿意嘅GPA嘅,T5
但係如果我嘅分數低就好爛有好成績,有時間同professor同學仔傾傾睇下點樣化解困難吧 揀適合你嘅科 有困難多啲搵教授問問題同form study group 都可能有幫助呢,T2
我在最近的考試中感覺我好多題目都做錯了,最近考試覺得好多都做錯，係點解呢？,T4
"asso兩年中同去外國升學/入八大又好,有hall life上莊入u team打波,每晚睇ig snapchat都好熱鬧,我就自己一個屈係屋企讀書。",明白你會有孤單嘅感覺 參加多啲活動識多啲唔同嘅人啦～或者相同興趣嘅人都有幫助㗎,L7
有時考試好多題，我就想快啲做嗮，驚最後時間唔够,考試題目多嘅時候，你會用咩方法快啲做完佢？,T7
人生來就係孤獨而來，孤獨而去，帶唔走任何野。,可能你覺得人生就係需要孤獨，咁你覺得孤獨係好事定係壞事呀？,L3
以前成日叫春，到而家冇所謂，是旦啦…一個人咪一個人囉…,我明白你嘅感受，你可以出街散下步、觀察下街道上嘅⾏⼈，或者同鄰居打個招呼， 都會令你冇咁孤單。,L3
好想試吓有一個真兄弟嘅感覺,你認為有一個真兄弟嘅感覺係點嘅呢？可以講多啲比我聽下嗎？,L8
然後就交卷了，我猜想這次分數很差,你會覺得今次分數差嘅原因係？,T1
"係屋企悶到就生菇，又唔想出街唔夠罩
跟住r fd吹水，但發現冇乜野可以吹，亦都冇乜人想同你吹",成日留喺屋企的確會令人覺得悶。除咗同人傾偈，你係屋企仲有咩野可以做？,L2
住附近都少見左勁多，可能係因為畢咗業已經冇咗利用價值，但明明本身勁fd,聽起來你經歷了一場如地獄般的考驗。或者你可以用少少時間去睇吓你嘅朋友值唔值得信任!,L6
糟糕了，我今天考試很不好,覺得今日考得唔好嘅原因係？,T4
今次考試好難丫，我想活了   ,哦，明白，但係死解唔解決到個問題？,T11
我覺得我呢次考試會fail,盡力 問心無愧就足夠了 繼續努力考好下一科拉分吧。,T1
我考試嗰陣會好緊張，身體會好唔舒服,不適真係會好影響考試表現 如果情況比較嚴重會幾辛苦 有考慮過睇醫生之後再補考,T9
中學俾人蝦過後，畢業後都識唔到人，個人被動又內向咗好多，但一直好想識到真心朋友,聽起來你經歷了一場如地獄般的考驗。或者你可以用少少時間去睇吓你嘅朋友值唔值得信任,L8
我害怕我父母對我的分數有看法,"最緊要盡力做好自己 問心無愧 都可以 試下同屋企人傾下，比佢地了解一下你的水平，就算能力所限而分數一般,家人應該會理解的",T3
係，我仲會玩筆、周圍望其他人做成點,好common喎 好多人考試都會咁 不過如果做熟啲題目會唔會好啲,L4
出嚟做嘢先知，好嘅同事係可遇不可求…,我能夠感受到你喺出嚟工作之後對於同事之間嘅關係有啲迷惘，令你有啲期望落差。,L6
因為我不停抬頭看身邊的同學,不停抬頭望身邊同學，係咩原因呢？,L4
身邊好似好多人嘅大學生活多姿多彩 有自己嘅圈子 自己唔可以話冇，但好少,覺得其他人嘅大學生活似乎多姿多彩，自己嘅圈子就比較少，你有點嘅感覺呢？,L3
有時覺得大學D人其實好假 或者係我唔識同人溝通 毒向左走向右走性格冇得救 表面上同你可能吹到兩三句 但實際上其實唔係真係想同你做FD 其實大學都係社會既縮影,搵啲可以真心交到嘅朋友！唔好灰心！,L6
如果今次考試仲系唔好，我爹地媽咪肯定有會嬲我,爹哋媽咪嬲，令你有點樣嘅感受？,T3
如果今次分數仲系唔好，我媽咪肯定有會嬲我,今次分數唔好，媽咪嬲嘅話，你會有點嘅感受？,T3
有時遇到唔識嘅題目我就忍唔住會抖腿,遇到唔識嘅題目，會令你有點嘅感受？,T8
離考試越近，壓力就越大，溫書嘅時候，筆都攞唔住，手唔停流汗,接近考試，溫書嘅時候手震你會點處理？,T10
覺得冇人係可以依靠嘅感覺，自己又搞唔掂自己…,明白你呢個孤單嘅感受  你承受嘅已經太多啦 可以試吓同朋友講吓你嘅憂慮！,L2
一緊張我個胃就痛，冇辦法集中精神做題 ,緊張而胃痛嘅時候，你會點處理？,T10
同埋長時間對住四面牆個種孤獨同無助感 你心理質素或者悲觀負面都好容易會諗埋一邊,我明白你嘅感受，你可以出街散下步、觀察下街道上嘅⾏⼈，或者同鄰居打個招呼， 都會令你冇咁孤單。,L3
考試嗰陣，我有時會放空，然後望住某個地方定曬形,考試放空，望住某處定型嘅時侯，係諗緊乜？,T6
雖然我複習咗咁耐，但系感覺複習完就忘曬 ,複習咁耐，然後都係唔記得，令你覺得點？,T5
好想搵人傾偈 但係又怕麻煩人又怕人哋唔想聽,"唔好咁灰心住,你可以試下識多啲人，終有一日您會找到你嘅聆聽者。同人溝通有困難嘅時候唔好忘記幫自己打氣呀。",L5
啊媽話再fail就無得開電腦，宜家唔知點算好,如果冇得開電腦，會對你有點嘅影響？,T3
"真係好悶,諗緊係咪應該去擴闊自己嘅圈子,問題係又要應酬,又嘥時間,仲要同啲唔熟嘅人 build up..",明白你嘅感受試吓搵多啲嘢做充實下自己 唔好俾自己落入寂寞嘅感覺,L8
大學識既人好難r到野傾 除左學業就無咩話題,你可能未必同大學既同學有好多唔同種類嘅話題，這對你嚟講造成咩影響呢？,L5
然後就交卷了，我猜想這次考得很差,猜想今次會考得差，點解呢？,T1
"一個人出門,一個人食飯,一個人搭車返去,每日嘅生活都一樣..",明白你需要自己一個面對生活既事同挑戰，可能會令你有啲無力，你可以搵學校嘅counsellor傾下㗎！,L1
我考試D科目好多野背，我背唔到，唔合格啦,背嘢多嘅相對要計數tricky嘢就冇咁多 比啲心機背熟啲 用唔同嘅記憶法幫手 將學術知識同日常生活連繫 或者用一啲生動有趣嘅聯想 深啲嘅內容就算唔記得都可以靠推論搵番出黎 加埋充足嘅休息都有助記憶 就容易考得好架啦,T5
我覺得我的答案幾乎都是錯的,覺得答案幾乎都是錯，係咩原因呢？,T4
"表面上點FD,個心入面永遠同人保持開距離",可能你未必可以同身邊既人交心，所以有啲距離感，你可以搵學校嘅counsellor傾下㗎！,L6
父母對我要求好高…可以點做？,父母對你要求高，令你有點嘅感受？,T3
例如考緊試果時頭痛點算？,如果醫生都建議 常備藥物應該可以幫你減輕頭痛之類不適,T10
"人越大越孤單,嗰種空虛感好大..","明白這感受會令人不開心.唔好咁灰心住..其實你可以試下用social media 去keep 住朋友,又或者考慮網上交友。網上有好多論壇同交友網站，令你接觸到有共同興趣嘅⼈",L3
大個咗之後發現，身邊有幾多個朋友已經唔重要，因為一個都冇…,我明白你呢個孤單嘅感受呀 可以參加多啲活動搵啲志同道合嘅朋友呀,L3
我都係bba呀 無參加ocamp 每一堂就唯有yo吓d hi bye frd 感覺好空虛,空虛嘅感覺的確唔好受。你覺得點樣為之hi bye friend呢？,L6
"不過我說話技巧唔得
我內心陰暗 外在冇野
都係冇朋友",內心陰暗，係指啲乜嘢呢？可以講多啲俾我聽嗎？,L3
搬左出黎自己一個住，好孤獨 雖然大部分時間都獨立獨行，但係有時都會覺得sad,唔好咁灰心，一個人都可以過得好開心㗎。你可以學習感恩同知足，人都開心啲！,L1
入便有D題目我都睇唔明，都系亂答嘅,題目睇唔明，亂答令你有點嘅感受？,T4
糟糕了，我今天考試好糟,明白你嘅擔憂。不過，點解覺得考試好糟呢？,T4
如果今次考試fail咗，我實要重考，仲要再補習好耐,咁都無辦法既，下次再努力啲咪會pass 囉！,T2
然後就是父母對我的分數都不滿意,父母對你分數唔滿意，你有點嘅感受？,T3
所以我好擔心我嘅答案係唔正確嘅,好擔心自己答案正唔正確，令你覺得點？,T4
而我考得差的話，我媽媽和爸爸會好失望,屋企人失望，會令你有點既感受？,T3
如果今次考得吾好 個grade就會吾好 甘就會搵吾到好工 甘就吾會有好ge一生,睇黎今次考試對你黎講好重要。你而家嘅感受係？,T1
今天考試很難，我答不出就不停玩筆,考試難，答唔出嘅時侯你感覺係點？,T8
聽日就考試了，我好緊張呀，緊張到瞓唔著,聽日要考試，你覺得緊張同埋瞓唔著嘅時候，有點樣嘅諗法？,T9
我這次沒pass怎麼辦,畀心機準備好個exam先 或者搵朋友／教授幫下手搞清楚啲concept 商量一下 佢地好warm好願意幫你架,T2
一想到這次的考試結果我就怕的不行,試都考完啦，失手咗都救唔返啦，不如約D朋友出尼玩下轉換心情，考試結果就等成績公佈先再唸,T1
中學frd對我最重要，但我做唔到佢地最重要果個,我完全明白你對於中學朋友十分重視，但佢地卻對你唔重視嘅失落。你可以搵學校嘅counsellor傾下㗎！,L3
或者望望人哋點答題  ,望人哋點答題嘅時侯，你嘅感受係？,L4
Exam到連個胃都痛 ,Exam胃痛，你會點處理？,T10
有啲計數嘢唔識但都唔知點好,"數真係好難 最緊要操練多啲 識做最基本啲搶分題目 或者多啲問tutor,開studay group一齊溫 咁就唔會考得太差架啦",T5
因為我溫書記不住考點 ,溫書記不住考點，令你覺得點樣？,T5
我會手震，支筆都揸唔住,如果嚴重就最好請教下醫生 畢竟咁樣勉強效率都會好差 身體健康緊要,T10
我緊張呀 咁就會導致手震,緊張都係難免嘅 你有無減壓嘅方法分享下,T10
我覺得我應該要更加勤力溫書,嗯 嚟緊及早計劃 早啲開始溫 設立啲目標去提升動力 分配好時間 一定會考得更加好,T5
"你害怕一個人嗎?當你越感到孤獨,你越需要學習獨處.",我明白你嘅感受，你可以出街散下步、觀察下街道上嘅⾏⼈，或者同鄰居打個招呼， 都會令你冇咁孤單。,L3
我在房間裡東張西望  ,房裡面東張西望，係喺咩情況下呢？,T6
"喺外國留學,覺得好孤單..",身在異鄉覺得孤單，一定唔好受。可以講多啲自己嘅經歷俾我聽下嗎？,L3
緊張到個心好似跳得厲害咁 ,緊張到心跳厲害，令你覺得點？,T10
孤獨的感覺雖然也很重。算啦不知道,明白你可能未必能夠承受孤獨嘅重量，你可以搵學校嘅counsellor傾下㗎！,L3
我條路從來都係一個人行,條路一直只有自己行，咁樣令你有乜嘢感受？,L1
除左拍隻腳我仲會不自覺咁轉筆…,但係咁會唔會令你容易分心 有無試過點樣可以提升考試嘅表現 例如做多啲題目熟習考試嘅範圍咁,T8
生活又係返工放工，又唔係話同所有人都無接觸，但就係好孤獨好寂寞,明白這感受會令人不開心.唔好咁灰心住..其實你可以試下用social media 去同自己朋友互動一下,L3
見到d人講同朋友去旅行好羨慕，我都冇朋友會去，佢地身邊都有更fd既朋友，我唔係首選...無知己,好羨慕朋友一齊去旅行，但係就覺得自己唔係佢哋嘅知己，或者旅伴首選。呢件事令你有點樣嘅感覺？,L3
雖然考試前我溫習咗好耐，但系我覺得一考試我就頭腦空白,溫習咗好耐，一考試都係唔記得，令你有點嘅感受？,T5
我覺得我呢次分數肯定唔合格,覺得今次會唔合格，係點解呢？,T1
想分享喜怒哀樂但冇人可以分享，一個人上堂食飯真係好孤單…,你希望有朋友同你分享喜怒哀樂，一齊食飯上堂，有諗過可以點識到佢哋嗎？,L2
但又要更落力溫書唔係第二科又考得差,咁要加緊努力收復失地喔,T5
覺得佢地好close形成晒一個個圈子，自己好似被排斥在外咁,唔好咁灰心住，你可以試下將你嘅想法寫低，咁樣可以減少孤獨感。,L7
"中學同學大家仲會搵d大時大節，生日出黎見下

大學果班，真係情願留係屋企hea都唔想出黎見
話不投機半句多

Grad左幾年，而家睇番大學時有堆人係度傳是非、小圈子，真係浪費時間。以往係度上莊、撩是鬥非、住hall果班人，grad左無耐都散晒

利申：無參與過以上既野",覺得中學嘅時侯會同同學一齊過節日過生日，而大學嘅同學好難熟絡。喺大學似乎有啲唔太好嘅經歷，導致你冇咁信任其他同學。,L6
"有咩事就我撲出去搵你傾
我唔開心好似真係無人會理咁",明白呢個感受會令人唔開心，試吓對人敞開自己,L2
我驚今次唔合格仲要再考一次,明白你嘅擔憂。再考一次會令你有點嘅感受？,T2
我成日都分左心，做卷個陣周圍望又轉筆,緊張好平常嘅 但有冇其他辦法可以加強你嘅記憶同臨場表現 例如畫概念圖嗰啲 或者有無試過做多啲題目熟悉考試內容,T8
屋企有好多野煩 我唔知點算 誰能明瞭,我明白你嘅感受，幾辛苦都好，都要撐住，唔好忘記幫自己打氣呀。,L4
係呀同埋我考試個陣個肚都會唔舒服,經常都係咁？ 會唔會同緊張或者飲食作息有關係 有冇睇過醫生,T10
我考試又冇温書 入到試場咪東張西望,做多啲past paper啦 針對性做熟考核內容 到考試就無咁緊張啦,T6
自問外表正正常常，性格都冇咩問題，但係就識唔到男朋友。返工個陣正常情緒，但一到夜晚就覺得好寂寞好想有人陪。放工假日就唔知去邊好，唔係話冇朋友，不過就唔多。,我明白你嘅感受，其實一個人都可以好開心㗎。有冇諗過每⽇做運動呢？運動可以改善情緒同減壓，做完運動人都精神啲！,L1
好似groupmate靜係講proj野 之後其他就唔識搵話題好易dead air 又唔想下下應人 下真係架 未聽過wor咩黎架 咁樣好尷尬,我明白你嘅感受，其實同人好好溝通、相處並唔難。試下保持適當嘅語調同眼神接觸，自然咁表達你嘅想法啦。,L5
我望向其他考生，又檢查剩餘時間,咁樣會唔會令你容易啲分配做題目嘅時間,T7
系阿，所以我答題嘅時候，嗰心跳得特別厲害 ,答題嘅時侯心跳快，令你有點嘅感受？,T10
hi-bye fd居多 project組員present完就冇晒contact 冇上莊冇住hall 想識多D人 但係份人好被動同唔知有咩途徑,你可以試下網上交友。網上有好多論壇同交友網站，令你接觸到有共同興趣嘅⼈，識多D人。,L8
日日返學夜學，放假自己出街食野，做gym睇戲，幾時都係自己:-(,唔好咁灰心，你可以學習感恩同知足，人都開心啲！,L1
"唔係冇朋友,但當你傾訴完,發覺其實都冇咩人真係明白你,最後都變到咩都唔想講,喺人面前仍然係開開心心就算...",同朋友傾訴完都覺得佢哋唔理解你， 點解呢？可以講多啲嚟聽下嗎？,L4
我可以點樣舒緩緊張同不安情緒？,搵啲時間做自己想做嘅事 多啲同信得過嘅人分享溝通 佢哋好樂意聆聽同分擔架,T9
今日岩岩考完…好似考得唔高咁…,覺得好似考得唔高，係點解呢？,T1
而我成績不好的話，我媽媽和爸爸會好失望,明白你嘅擔憂。屋企人失望會令你有點嘅感覺？,T3
我會好焦慮，我如果唔合格，父母會講d咩,"先冷靜下來,列出所有表現差的地方,然後小小地一步步温返唔熟嘅課題。",T3
因為如果模擬考考得唔好，我就覺得我最尾嘅考試應該成績都會好爛,睇黎今次模擬試對你黎講好重要。你而家嘅感受係？,T1
 但一入到試場就會擔心但一入到試場就會焦慮,一入到試場就焦慮，你嗰陣有點嘅諗法？,T9
"""明明都已經好努力溫習",好多course範圍都好闊 最緊要溫熟最重要同基礎嘅部份 熟習好pastpaper 平時accessment做好啲 充足準備有啲信心 咁要達到理想既成績就唔會好難架啦,T5
"可能真係要放下,自己都識一班新朋友,免得自己係孤立狀態..",識新朋友當然係一件好事。不過，你想放下嘅係咩事？,L8
壓力大嘅時候，我個頭就唔舒服  ,壓力大頭唔舒服，的確辛苦。你點樣解決？,T10
"好辛苦,自己冇咩朋友,同男朋友拍拖後幾乎斷曬男性朋友..",我明白你嘅感受，你可以試下用唔同嘅方法同屋企人多啲聯繫，相信佢地都會關心你。,L3
我覺得我做得好差，分數應該得好低分,"先不要那麼擔心, 想 想如果真係咁，可以掂處理？",T1
有時遇到唔識嘅題目我就忍唔住會踏脚  ,遇到唔識嘅題目，令你有點嘅感覺？,T8
同事同我講，打下機慢慢學習社交能力，日日係屋企睇書唔係辨法。我都有嘗試過做運動，但個人攰完諗嘢會變得仲灰。。,你可以試下網上交友。網上有好多論壇同交友網站，令你接觸到有共同興趣嘅⼈。,L8
有時其實冇咁嚴重嘅時候，就手脚冰涼，但系身體其位就發熱，唔知系咪因為壓力大定系緊張 ,手腳冰涼但係其他部分熱嘅時侯，你嘅感受係點樣？,T9
工作太忙完全無社交圈子，真係幾年都識唔到朋友,工作忙所以無時間識朋友，呢件事令你有點樣嘅感受呢？,L8
考試既時候我會心跳得好快，頭好痛,不適肯定好影響你嘅表現 嚴重嘅去睇醫生再申請補考可能會好啲 都可以搵醫生傾傾睇下藥物之類會唔會有幫助舒緩,T10
覺得自己與身邊的人毫不合拍 世界上或許沒有一個懂我的人,我能夠感受到你因為你同身邊嘅人唔合拍而認為冇人理解自己，感到無力，你可以搵學校counsellor傾下㗎！,L4
人愈大，愈容易將D感受收收埋埋，有時都唔想／唔知點樣俾人明白自己,我明嘅，其實同人好好溝通、相處並唔難。試下保持適當嘅語調同眼神接觸，自然咁表達你嘅想法啦。,L5
我讀緊好多科，成績又唔係好突出，唔夠時間做晒所有嘢，但係又好想要咩令到成績好啲，所以壓力好大,試下同身邊科目相近的朋友from D study group，咁樣比起一個人温書效率高D時間用少D，應該可以解決到你嘅問題,T1
出嚟做嘢仲可以喺邊度識朋友…唔敢同同事講太多私人嘢…,我能夠感受到你唔知道出嚟做嘢之後可以係邊度認識朋友，亦唔敢同同事有好多深入嘅交流。就住這個問題，你有冇咩解決方法呀？,L5
我考試嗰陣就望住周圍人 ,但係其他同學都未必識做架喎,L4
我都不敢想fail了要怎麼辦,睇黎pass對你黎講好重要。你而家嘅感受係？,T2
次次眼見人地一堆堆去挽都好羨慕，我都係想要朋友姐,聽你咁講，你似乎因為自己沒有太多朋友，而好羨慕其他人可以一班朋友一齊出去玩，是嗎？,L8
我真後悔沒有用心復習，考試時又走神,後悔無用心復習同埋考試走神，的確係難受。,T5
如果成績差，我驚我媽咪鬧我,媽咪鬧你，會令你有點嘅感受？,T3
我覺得呢次考試自己發揮得不好,呢次考試發揮得唔好，會咁覺得嘅原因係？,T4
我下次考試應該再用心啲,嗯 嚟緊及早計劃 早啲開始溫 分配好時間 一定會考得更加好,T5
講唔到自己因為咩事而唔開心，最後只會答句無野就算數，好辛苦，唔想再生存落去,明白你呢個孤單嘅感受  你承受嘅已經太多啦 可以試吓同朋友講吓你嘅憂慮！,L5
雖然考試前我睇習咗好耐，但系我覺得一考試我就忘記嗮  ,溫習咗好耐，一考試就忘記晒，你嘅感受係？,T5
"我想搵個人俾我依賴下都無, 唔通真係唔可以強求",我明白你嘅感受，你可以試下同屋企人多啲聯繫，相信佢地都會關心同陪伴你。,L3
"如果無人同自己分享 ,有時間同錢有咩樂趣",我明白你嘅感受，你可以試下同屋企人或朋友多啲聯繫，相信佢地都會關心同陪伴你。,L3
"人緣唔差,相熟嘅朋友都唔少,但理解到自己嘅就一個都冇,曾經相信可以/想畀佢了解嘅人又唔喺身邊",從你嘅話語中，得知你因為你過往嘅經歷而認為冇人理解自己，感到無助，你可以搵學校counsellor傾下㗎！,L4
父母期望好高，永遠都做得唔好， 所以就好辛苦,家人期望高，明白你覺得辛苦。不過，點解覺得自己永遠做唔好呢？,T3
有時考試題目好多，我就想快啲做完，驚最後時間唔够 ,都明既，有時老師真係會出好多條題目,T7
同埋有啲人 你初初識落覺得好啱傾  但係有時只需要一兩件事 就會發現大家觀點性格好唔同 最後都無辦法再交心落去,有啲人一開始啱傾，認識深咗就發現同自己有不同之處。可以講下發生咗乜嘢事嗎？,L5
我聽唔明lecturer講書,好多課程其實都好深 唔明嘅地方要搵教授 tutor問清楚喔 佢哋都好樂意解答你嘅疑難架 有時間email佢地問下啦,T5
"唔會 好難唔在意
當返散工時 個個都識到朋友
但自己毒撚性格 識唔到熟人
放工時其他人一pairpair咁走
我就自己一個人行後
就覺得灰",明白呢個感受會令人唔開心，可以試吓分配下時間搵吓自己想要嘅興趣,L8
咁樣真係會令人好難受,好難過你經歷咗咁多野 你會唔會可以講多少少？,L1
"升左大學後就過左單機人生2年半
已經忘記如何識朋友
我覺得我同其他人好似隔左保護網咁
加上本身性格孤獨，唔鍾意周圍玩
基本上一至日都係一個人","俾個機會自己,俾個機會別人,當然最好係識得志同道合嘅朋友，但都要先了解自己有咩愛好，多參與活動，咁樣就算識唔到新朋友起碼都係自己鍾意做嘅事，唔會浪費左金錢同時間。",L8
我就係咁 朋友有 但個人好空虛,搵啲可以真心交到嘅朋友！唔好灰心！,L6
我感到害怕，查看時間，玩筆,可以同同學朋友一齊溫習 熟習多啲past paper同題目會唔會令你多啲信心冇咁驚恐,T9
我次次考試都好緊張…   ,次次考試都好緊張，你係點面對？,T9
有時有啲心事唔知可以同邊個講 夜晚好易喊 愈大愈難識真心朋友 ,明白這感受會令人不開心..你可以搵學校嘅counsellor傾下㗎..嘗試拆解原因所在除左識得新朋友，同你識得嘅人keep contact都係一樣重要嘅。,L2
我都好想同人地close啲，知道某個人無論如何都會back up我。但我連出去玩都唔敢，點算？,你可以試下網上交友。網上有好多論壇同交友網站，令你接觸到有共同興趣嘅⼈。,L8
有好多題目我都覺得自己答得唔啱,塵埃落定 專注做好眼前嘅事 如果考完就好好計劃嚟緊嘅時間吧 俾自己空間放鬆一下,T4
fail的後果不堪設想,可以找教授/advisor商量一下 他們會很樂意幫助你的  當然也可以和同學一起努力考好,T2
我個心跳得好快，聽到噗噗聲,緊張會唔會影響到你嘅表現 有冇其他同學有類似嘅經驗,T10
就是考試近了我就會壓力很大。很多事情要做  ,明白你壓力大。考試前，你會點安排生活？,T9
"人生來就是孤獨的,不要奢望能夠依靠誰..",明白這感受會令人不開心..你可以搵學校嘅counsellor傾下㗎..敞開自己 唔好收埋負面情緒,L2
一個人喺外國讀書真係好辛苦，乜都要自己搞點…,聽到你需要自己一個面對好多問題，感到不開心同孤獨無助，你可以搵學校嘅counsellor傾下㗎！,L1
好擔心呢次考試，老師又會出d難題嚟考我哋 ,老師出難題考你哋嘅話，你會有點嘅感受？,T5
我好想知我呢次考試結果,"最好做多幾手準備計畫多幾條後路,高分又好低分又好,之後有結果時候冇咁易發生準備不足嘅意外",T1
成績表上既F，就係話我好失敗, 準備多啲 熟習啲題目 記住搵啲方法放鬆自己 多啲同信得過嘅人分享溝通 分擔一下,T2
"同事會當我透明
遺忘我、無視我
朋友唔會主動聯絡我
就算我主動聯絡佢地都係一句起兩句止
甚至完全唔理我",聽到你經常性被人遺忘，亦冇人會主動聯繫，因此感到失望，你可以搵學校嘅counsellor傾下㗎！,L5
"講心事有時好負
唔講又唔夠老友",我明嘅，你可以試下保持適當嘅語調同眼神接觸，自然咁表達你嘅想法啦。,L5
我溫習咗咁耐，覺得仲系冇複習曬 ,溫咗咁耐都覺得未複習晒，點解呢？,T5
狀態好差，個人一緊張又唔記得曬溫左既內容,狀態差，一緊張就唔記得溫左嘅內容，你嘅感受係？,T5
好多題目都唔識做，我會唔會好差成績,今次有題目唔識做，令你嘅感受係？,T1
"自己係真係太摺所以無曬朋友 以前次次約人好多次都約唔到 搞到唔敢再約人
加上自己興趣好少人會一樣 識到一個都算係咁 好難有common fd 都唔知點單獨約出嚟",我明白你嘅感受，其實同人好好溝通、相處並唔難。你可以試下約下同學，或者佢哋都想同你見面呢。,L5
成日會忍唔住睇其他人 ,咩情況之下會忍唔住睇其他人？,L4
我成日都會擔心陣間考試嘅題目會唔會好難 ,擔心一陣嘅考試會唔會好難，令到你覺得點呢？,T5
我好怕家人和我父母會罵我,被家人同父母罵，會令你有點嘅感受？,T3
好辛苦 屋企人有精神病 我講一句關心嘅野可以比佢無限妖魔化 以為我又責怪佢之類,明白你因為屋企人有精神問題，經常被佢誤會而感到唔開心，你可以同學校嘅counsellor傾下㗎！,L5
"有時係好想有個人陪自己出去行街食飯睇戲 想有個人掛住吓
但又發覺係未放低前一個 都係自閉吓先",聽到你未能放低前度而可能感到壓抑，好想有人陪伴，你可以搵學校counsellor傾下㗎！,L1
今日岩岩考完…好似成績唔高咁…,難得終於捱過考試，獎勵下自己，搵朋友出嚟聚下傾下放鬆下啦。,T1
今日岩岩考完…好似成績唔好咁…,覺得好似成績唔好，係咩原因呢？,T1
溫書溫到透支... 壓力好大 ,溫書直到透支係好辛苦。壓力大嘅時候你會點消壓？,T9
自問自己冇做過咩奇怪事 但就一直都埋唔堆 我覺得好差 明明係中學都叫有班死黨朋友 但入到黎U好似完全調轉左咁...,聽到你轉換新環境後一直無辦法融入其他人嘅圈子，造成困擾。你可以同學校嘅counsellor傾下㗎！,L8
"除左中學同學
Photoday怕無人影相無去",怕無人同你影相所以無去photoday，依家心情係點？,L3
接受唔到雖然唔叫多朋友 但依家真一個都無勁難受,孤單的確係一件難受嘅事。你希望認識新朋友嗎？,L1
識嘅同學冇啦啦單獨約出黎又好似好怪，感覺同人好似唔係太熟又走去約人咁,我明白你嘅感受，其實同人好好溝通、相處並唔難。你可以試下約下同學，或者佢哋都想同你見面呢。,L5
我都唔識同屋企人相處，特別大家價值觀好遠,聽你咁講，你可能因為同屋企人價值觀有距離而唔識點樣同佢地相處，如果呢種情況對你造成困擾，你可以搵學校counsellor傾下㗎！,L5
唔合格屋企人又會話我…,"試下同屋企人傾下，比佢地了解一下你的水平，就算能力所限而分數一般,家人應該會理解的",T3
我真後悔沒有努力復習，考試時又分心,後悔無努力復習同埋考試分心，的確係難受。,T5
考完出嚟對正確答案，我覺得我很多題都寫錯咗，點算啊,對完答案，你嘅感受係點樣？,T4
除左心理輔導都係想有個人肯聽下我講嘢啫 原來都冇,"聽到您不開心，唔好咁灰心,你可以試下冥想或者寫⽇記，可以令你放鬆啲、內⼼平靜啲。",L2
我想考試做好d，我成日想做快d,有冇試過做多啲past paper同題目 有冇幫到你答題同做快啲,T7
我唸野實在負面得太緊要，唔想影響到人，所以決定收埋,明白你呢個孤單嘅感受  你承受嘅已經太多啦 可以試吓同朋友講吓你嘅憂慮！,L5
好矛盾 自己一方面唔鐘意識人 平時鐘意自己一個周街行 但係當有心事果陣 搵唔到人傾果種感覺好頹 都唔知自己做咩,有心事喺心裡面的確會辛苦。你可以搵屋企人或者學校/社區嘅社工傾訴。,L2
上到大學冇交心fd  唔開心/大壓力時亦搵唔到fd訴苦,你可以搵學校嘅counsellor傾下㗎。,L2
成日諗住想快d做完份卷佢,都係嘅 有時連續幾日考幾科 快啲考完就可以多啲時間準備或者畀自己休息 你平時考試有咩準備令自己快啲完成,T7
今日岩岩考完…好似分數唔好咁…,覺得好似分數唔好，係點解呢？,T1
考試嗰陣時太緊張 心跳加速 仲會覺得好熱,考試緊張，心跳加速又覺得熱，你會點面對？,T10
改善緊張不安情緒的建議,試下唔同方法放鬆一下喔 或者將注意力分散一下,T9
剛失戀，心情跌到㡳，一個人亂諗野，好怕孤獨,好難過你經歷咗咁多野 你會唔會可以講多少少？,L1
我考試嗰時隻手好抖  ,考試嗰陣手震，你會點做？,T10
入左u，見到個個同人地都好熟，但自己好似冇同邊個特別熟，覺得自己成世都會咁,試吓搵吓其他嘅朋友 比下其他人機會,L8
日日返工放工自己一個，連放假都係自己出街,唔好咁灰心，一個人都可以過得好開心㗎。你可以學習感恩同知足，人都開心啲！,L1
但係如果我嘅分數低就好難有好成績,如果成績未算好，你會有點嘅感受？,T1
考試嗰陣時太緊張 心跳加快 仲會覺得好熱   ,考試緊張，心跳加快又覺得熱，你會點面對？,T10
屋企人之後又會話我冇努力,"可以提早跟屋企人講定個study plan ,咁屋企人知道你plan好咗又有跟住做,自然會覺得你勤力",T3
我覺得我會答錯哂，然後我啊媽會鬧,覺得自己會答錯晒，點解呢？,T3
而且我一諗到下過月要考試，就經常害怕到頭痛同埋瞓唔著  ,明白你擔心考試。考試前成個月都頭痛又瞓唔著一定好辛苦。果啲日子你會點做？,T10
因為如果模擬考考得唔好，我就覺得我最尾嘅考試應該分數都會好爛,睇黎今次模擬試對你黎講好重要。你而家嘅感受係點？,T1
我覺得我做得好爛，考試應該得好低分,覺得自己做得唔好嘅原因係？,T4
溫書嗰陣就覺得自己點睇嘅都點唔曬考試重點內容 ,試吓用mindmap整合分類好啲邏輯 根基邏輯搞清楚 深啲嘅內容就可以靠推論搵番出黎  或者一啲唔同嘅記憶法都幫到手,T5
就算係曾經嘅知心朋友都會因爲環境同其他嘅因素變到同唔到佢再交心,明白呢個感受會令人唔開心，試吓對人敞開自己,L2
只剩下考試和讀書人生冇意義了,嗯 所以 考試讀書應該只係一部分 都要抽時間做自己想做嘅事鑽研發展個人興趣 同朋友屋企人同學仔維繫,T11
男朋友帶我去迪士尼，但留底我一個係度睇睇煙花。呢種感覺好難受，覺得好寂寞,我明白你嘅感受，你可以試下同屋企人多啲聯繫，相信佢地都會關心同陪伴你。,L3
Sem1係U識左某些DSE拎好高分同人緣好好既人，而人地對我呢類成績一般既人好冷漠，嘴仲專登開一個冇我既Whatsapp group,聽你咁講，你認為身邊比你成績好嘅人對你冷淡，甚至另開無你份WhatsApp Group係因為你成績唔及佢地好，是嗎？你可以同學校嘅counsellor傾下㗎！,L7
遇到答唔出嘅題目嗰陣，我就想睇下人哋點做嘅,遇到答唔出嘅題目就想睇吓人哋點做，呢件事令你有點嘅感受？,L4
身邊無人無物 除夕自己一個坐係廳 對住四幅牆,我明白你嘅感受，你可以出街散下步、觀察下街道上嘅⾏⼈，或者同鄰居打個招呼， 都會令你冇咁孤單。,L3
如果今次考得吾好 分數就會吾好 甘就會搵吾到好工 甘就吾會有好ge一生,睇黎今次考試對你黎講真係好重要。你而家有點嘅感受？,T2
"我理你!
但問題係我唔識開話題#:o)#xm
其實我比較想改善同女仔之間溝通既問題.......我份人太麻甩, 所以同女仔無乜話題, 再加上以前讀女校有陰影","我明白你嘅感受，其實同人好好溝通、相處並唔難。試下自然咁表達你嘅想法,唔好忘記幫自己打氣呀。",L5
出去好一陣 返到入屋又係哩喺房 訓喺度等 等人可以睇透我個心 等人愛我 等人關心  好孤單啊,孤單的確難受。自己一個等其他人關心同理解唔係一件容易嘅事。會唔會想主動搵其他人？,L2
我聽日就要考試啦，點算，我超緊張 ,明白你難受。聽日考試會緊張嘅原因係？,T9
我都已經好努力嘗試識朋友，但係都唔太識同佢地溝通 我注定自己過世了,"明白這感受會令人不開心.唔好咁灰心住,你可以試下繼續結識朋友,終 有一日您會找到connect到的人，同人溝通有困難嘅時候唔好忘記幫自己打氣呀。",L5
讀書嘅壓力好大，真係唔想再讀，感覺都要抑鬱噉 ,放鬆點！可能你太緊張啫！,T9
一做卷就覺得答咩都唔啱 然後就好驚分數會差 傷心,明白你既傷心。做卷覺得答唔啱，可以試下請教其他同學或者老師。,T1
有幾個fd only… 好驚冇人同我一組,有幾個真心朋友都好好嘅 可以試吓對同科嘅人咁敞開自己同人傾吓計識下佢哋,L3
我覺得自己考得唔好，答錯好多嘢，驚爛grade，驚父母會話我,相信你已經知道自己邊度唔熟，咁試下做下Notes 整理一下思維，睇下唔會唔好D,T3
但係我考試嘅時候就答唔到啲咩,考試嘅時侯答唔到啲咩，你嘅意思係？,T4
好驚因為成績唔夠好哦爭唔到intern,除咗成績HR都會考慮很多其他因素 面試表現都係重要一環 要努力裝備好自己喔 都不妨搵教授/advisor商量一下 佢地會很樂意畀意見同幫你架,T2
考試嗰陣好緊張，身體好唔舒服，心跳加速，頭痛，手震，肚痛,身體不適好影響考試表現架喎 如果情況太嚴重最好睇醫生先之後再補考 勉強嘅話都難有表現喎,T9
我覺得我呢次口語考試考得唔理想,覺得今次口語考試考得唔理想嘅原因係？,T4
但諗唔到點做我就會拍隻腳同轉筆…,有冇其他辦法可以加強你嘅記憶同臨場表現 例如畫概念圖嗰啲,T8
我成日都會諗自己考試有幾差 不喜歡 ,用心準備好 熟習試題past paper考試就不會太差吧,T1
每日都好攰無人係身邊撐住，好想放棄,明白你呢個孤單嘅感受  你承受嘅已經太多啦 可以試吓同朋友講吓你嘅憂慮！,L2
我考試果陣，我好擔心   ,明白你覺得難受。考試嘅時候會擔心啲咩呢？,T9
我很難記得那些考試內容和答案,難記得考試內容同答案，令你覺得點？,T5
本身個人已經好摺唔識去識新朋友，以為中學識嗰啲就夠，點知連中學啲朋友都冇埋，更加唔知點去識密友,有時候要勇敢踏出第一步，以誠懇嘅態度同人交流。唔好忘記幫自己打氣呀,L8
但係考得太差父母會話我上堂唔認真,父母話上堂唔認真，會令你覺得點？,T3
外國又唔興上莊嗰啲 好多時候啲同學識咗一個sem啱啱先熟跟著又完sem 好難form到強既friendships,唔好咁灰心住，其實同人有多啲共同經歷嘅時候，慢慢就會變成朋友，友誼都會更深厚。唔好忘記幫自己打氣呀,L8
有咩慘得過冇人明白我 又要對住人強顏歡笑,強顏歡笑嘅感覺的確唔好受。不過，點解覺得其他人唔理解你呢？,L4
我成日都會驚陣間考試嘅題目會唔會好難,擔心一陣嘅考試題目會唔會好難，令到你覺得點呢？,T5
每日成個世界就好似得返 我 好 唔 開 心,我明白你嘅感受，你可以出街散下步、觀察下街道上嘅⾏⼈，或者同鄰居打個招呼， 都會令你冇咁孤單。,L3
中學好多隔離班成日叫我玩，但係我唔敢識人,"俾個機會自己,俾個機會別人,你又可以試下用交友應用程式，搵志同道合嘅朋友。",L8
就快考試，我擔心我分數會好低,爭取時間努力溫多啲，準備好啲考試就無咁徬徨吧。,T1
讀書好難，壓力又大，有時壓力大到想自殺 ,讀書難而且壓力大，係好辛苦。可以講多啲你嘅情況俾我聽嗎？,T11
我覺得我呢次口語考試發揮得好差,要知道自己因咩事發揮失準(緊張?不明白題目點樣講?冇經驗?)然後花多D時間去解決發揮失準的問題，之後遇到相似的考試就冇咁容易失誤。,T4
我一緊張就會分心注，會做其他小動作,都好common嘅  事先準備多啲 深呼吸飲下水 集中做好向目標進發吧,T9
然後就交卷了，我猜想這次分數很低,如果過兩天還有其他考試，那就繼續努力考好下一科吧。,T1
細個好易會做啲嘢去識人，大個根本唔會做呢啲嘢結果唔識去識新朋友嘅問題表露無遺,試吓對而家嘅朋友敞開 或者淨係同你覺得相處比較舒服嘅朋友一齊～,L8
"本身個人又摺同內向
whatsapp得某幾個group會間唔中響但係99%都唔關我事
同而家識個D大多都冇乜話題
而家fb/ig都唔玩, 返正都冇朋友
冇野做個陣都係屋企摺埋就算",或者試吓可以喺新嘅圈子同其他人相處,L6
其實諗諗下都係因為驚自己孤單一個先喪追個女仔,孤單的確唔好受。你希望有個伴，令自己無咁孤獨。你覺得個女仔係一個適合你嘅伴侶嗎？,L1
"我都覺得自己表達能力好差
可能自細唔慣分享意見
同埋個人慢熟
加加埋埋個人就變得好毒好負面",明白呢個感受會令人唔開心，試吓對人敞開自己,L8
已經考試fail咗一科,塵埃落定嘅 唯有跟住落嚟更加努力 亡羊補牢嘛 準備多啲 熟習啲題目 記住搵啲方法放鬆自己 多啲同信得過嘅人分享溝通 分擔一下,T2
上到大學因為自己唔係social又識唔到人,明白你會有咁嘅感覺唔好咁灰心先可以試吓用social Media 搵吓朋友,L8
今日岩岩考完…好似考得唔理想咁…,好似考得唔理想，之所以會咁諗嘅原因係？,T4
有朋友又好，人群之中都會寂寞空虛,覺得就算有朋友到覺得寂寞，的確難受。有邊啲啲情景會令你覺得無咁空虛呢？ ,L3
讓我唯一的朋友 不是老鼠,你話唯一嘅朋友即係點樣呢？我想聽多啲。,L3
明明身邊都有唔少朋友可以約出黎玩 但係都係傾下傾下都係嗰啲話題，大家約出黎玩就好似presentation 咁逐個逐個update 自己既近況，似係present，多過溝通同傾計咁。。。,明白你可能未必同朋友有好多唔同種類嘅話題，而感到落寞，你可以同學校嘅counsellor傾下㗎！,L5
"有時會無啦啦有種失落感,孤獨感,冇原因,但係覺得個心好似缺失咗咩咁,唔關人事,係自身嘅一種感覺.",明白失落嘅感覺唔好受。你覺得個心好似缺失咗啲嘢。近排有無發生特別嘅事？,L3
我驚我父母對我的成績有看法,父母對你嘅成績有睇法嘅話，會係點嘅睇法呢？,T3
如果今次考試pass唔到，我實要重考，仲要再補習好耐,睇黎今次考試pass對你黎講好重要，你會做點嘅準備？,T2
可能有，但系我唔記得咗，都唔記得自己答咗咩題 ,唔記得答咗咩題目，令你覺得點呢？,T5
不被需要個種感覺真係好差,我感覺到你而家好唔開心。你認為不被需要嘅感覺係點嘅呢？可以同我講下嗎？,L7
入便有D題目我都唔明系乜嘢意思，都系亂寫嘅,唔明題目問乜所以亂寫，你有點嘅感受？,T4
"我明 真係好辛苦
大學好難識到fd
唔知係我問題定點
好明顯feel到人地唔係太想同我熟啲
唔通因為我講野太悶",明白你認為大學階段認識新朋友好困難，而且亦好難同人溝通，令你感到好辛苦，是嗎？,L8
「你今天有講話嗎？」 不是我不講 只是沒人跟我講., 你可以搵學校嘅counsellor傾下㗎。,L2
same here 自己d興趣少人玩 見d踢波打波既一堆fd玩 自己就同自己玩,因為自己嘅興趣少人玩所以只可以自己玩，可以講下你有點樣既興趣嗎？,L5
覺得自己好煩 我唔想要人承受我啲情緒,有情緒又怕影響到人嘅話，唔洗自己收埋，可以搵學校/社區嘅社工傾下。,L5
上到大專/大學所謂既朋友都係睇你既利用價值,有幾個真心朋友都好好嘅 可以試吓對同科嘅人咁敞開自己同人傾吓計識下佢哋,L6
"呢種孤獨感係由心而發,越大越鍾意孤獨,但同時又好空虛..",你覺得鍾意孤獨但係又好空虛。由心而發嘅孤獨感究竟係點嘅呢？,L3
其實我幾鍾意自己一個 但係冇朋友又唔得 好矛盾,有時都要一個人放鬆吓,L3
"有心事想揾人傾計食餐飯
打開ws 頭幾個都係炒散gp
再拉落去既對話已經半年前",明白你會有孤單嘅感覺 參加多啲活動識多啲唔同嘅人啦～或者相同興趣嘅人都有幫助㗎,L2
有左女朋友之後就無哂朋友,"分配時間都緊要架,又或者試吓多啲同同學開新嘅話題",L3
朋友又唔多 成日想放負 但唔想煩住人,"唔好咁灰心住,你可以試下繼續結識朋友。終有一日您會找到connect到、樂意聼你講的人，唔好忘記幫自己打氣呀。",L5
我都係好多地方想去 好多野想做 但冇人一齊,我明白你呢個孤單嘅感受呀 可以參加多啲活動搵啲志同道合嘅朋友呀,L3
"有心事有野想搵人幫手個陣 碌一碌個contact
先發現其實自己無可以交到心既人 一直只係得自己一個",我明白你嘅感受，你可以平時同身邊嘅人建立良好嘅關係，當你有需要嘅時候，我相信佢地都會肯幫你。,L2
轉咗新環境，好努力去social，但係又好odd。我唔出聲人地又覺得我好惡，唔明點解人地可以自然又輕鬆識朋友。,你可以參加多啲群體活動， 識多啲朋友㗎。,L8
考試呢家野咁晒時間 唔想做完都要留喺度,如果check好份卷早啲離開都好 多啲時間俾自己休息同準備下一科嘛,T7
"好似宜家呢d時間
好想有個人陪自己傾下電話 講下今日發生左咩事
有個人聽自己講野", 你可以搵學校嘅counsellor傾下㗎。,L2
我係冇人同我講:-(:-(  我都想有人同我分享快樂分擔傷心,太多心事喺心裡面的確會好辛苦。你可以搵屋企人傾訴。再唔係，搵學校/社區嘅社工都得。,L2
因為怕成績不好會被父母罵，所以考試時會很緊張，反而表現更差,其實在考場裡大家都會緊張，唯一辦法就是習慣這個緊張感，嘗試考多D模擬試，比身體適應壓力先。,T3
大家都只係hi bye friend 或者只係酒肉朋友，搵唔到個可以交心，可以信任嘅朋友…,朋友都只係hi bye friend，或者酒肉朋友，令你有點樣嘅感受？,L6
不知道這次考試分數怎麼樣,唔肯定今次嘅考試分數，令你有點嘅感受？,T1
又內向又慢熱又被動真係 應該之後嘅生活都係自己一個,我明白你嘅感受，你可以出街散下步、觀察下街道上嘅⾏⼈，或者同鄰居打個招呼， 都會令你冇咁孤單。,L3
我覺得我呢次口語考試考得好差,覺得今次口語考試考得差嘅原因係？,T4
"""爸媽成日對我成績要求咁高","其實不必太介意父母的期望,最緊要知道自己有冇進步定係停濟不前，慢慢提升水平便可。",T3
因為一緊張就唔記得左溫左既野…,可以試下喺唔同嘅網上平台搵相關嘅影片睇下 輕鬆啲之餘又可以recall返啲記憶 當然如果你有其他減壓嘅方法 例如約朋友同學一齊溫書／出街 玩下電腦遊戲都係一啲辦法呢,T5
我唔想令我父母失望 傷心  傷心  傷心  傷心  傷心  傷心  傷心  傷心  傷心  傷心 ,試下同屋企人傾下，話比佢知你已經好努力呢一科不太理想比佢做定心理準備,T3
我一緊張就沒辦法專心，會做其他小動作 ,緊張，無辦法專心嘅時候，會做啲點嘅小動作？,T9
溫書真係冇動力，溫咗咁耐都會炒,會唔會係其他原因令到溫習效率麻麻，試下form個study group或者set啲唔同目標比自己?,T1
咁如果我真係fail，咁點算啊？,擔心自己fail，你嘅感受係點樣？,T2
女朋友好望成日唔得閒理自己 覺得好孤獨,孤獨的確難受，你覺得女朋友太忙無時間陪你，有試過同佢表達自己嘅感受嗎？,L3
我覺得一定好難嘎！我死定啦我媽咪一定罵死,試下同媽咪傾下，話比佢知你呢一科不太理想比佢做定心理準備,T3
夜深感到很孤獨好寂寞 尤其係屋企得翻自己一個,明白這感受會令人不開心.唔好咁灰心住..其實你可以試下用social media 去同自己朋友互動一下,L3
考試我就唔得，不嬲炒硬,會唔會係其他原因令到效果唔理想，試下問下師兄、同學仔睇下點樣可以令自己更加進步。,T1
點算呀，呢次考試我嘅成績肯定唔好,覺得今次成績會唔好，點解呢？,T1
日日喺屋企就悶死,聽你咁講，你因為每日留喺屋企，而感到有啲沉悶。你有啲咩解決方案呀？,L1
"""每次去到考場都好緊張",如果可以試下考之前去視察一下 有個準備會冇咁緊張,T9
離考試越近，壓力就越大，溫書嘅時候，筆都攞唔住，手唔停出汗,放鬆點！可能你太緊張啫！,T10
我沒辦法記住那些答案 ,試吓用mindmap整合分類好啲邏輯 用唔同嘅記憶法幫手 可以將學術知識同日常生活連繫 或者一啲生動有趣嘅聯想都有助記憶架,T5
有陣時想搵個人一齊玩同一興趣既都難，同埋又唔係個個都岩玩,的而且確，唔同人有唔同興趣。可以講下你有點樣嘅興趣嗎？,L5
我好好考試會好難，不理解啊,做多點試題熟習 不明白的地方要找教授了解清楚喔,T5
而我分數低的話，我媽媽和爸爸會好失望,爸爸媽媽失望，會令你覺得點樣？,T3
嚟緊好快就考試，要考好多科，但係我仲未溫哂，點算好?,視乎你嘅目標 分配好時間 訂立啲階段目標去努力逐步達成 或者試下form study group同同學仔一齊溫重點  做好啲搶分題 咁就冇咁擔心 溫得輕鬆啲架啦,T5
考試嘅時候會玩鉛筆呀，會成日周圍望,但係咁會唔會令你容易分心 有無試過做多啲題目熟習考試嘅範圍,T8
我害怕我父母對我的成績有看法,父母對你成績有看法嘅話，會係點嘅看法呢？,T3
"一個人, 冇女朋友, 冇屋企人, 雖然自己一個過得還好, 就係有時候好悶, 同好多好西一個人食好怪, 通常食野多人先有折...",明白你會有咁嘅感覺唔好咁灰心先可以試吓用social Media 搵吓朋友,L1
我好擔心我最後出到來的分數,擔心最後分數嘅時候，你會諗啲乜？,T1
我好靜好怕醜識唔到朋友...唔識講嘢，份人又悶，曾經識到朋友，又慢慢被疏遠,從你嘅話語中，我理解到你認為自己個性內向同悶所以被朋友疏遠，因而感到失落同自責。,L8
我知道一個人冇咩嘢，很自由很輕鬆。但係每次遇到問題都搵唔到人幫手真係好無助…,我明白你嘅感受，你可以平時同身邊嘅人建立良好嘅關係，當你有需要嘅時候，我相信佢地都會肯幫你。,L2
"返工都仲可以同同事圍威喂
開心過九個鐘
收左工條街得返自己一個，就會覺得好寂寞
我以為自己習慣左寂寞，點知一到大時大節都會唔甘心",明白你需要別人陪伴，得返自己一個人嘅時候就感到寂寞同唔開心，你可以搵學校counsellor傾下㗎！,L1
遇到特別難嘅題目嗰陣，我就想望望人哋點做嘅  ,遇到特別難嘅題目就想望下人哋點做，呢件事令你有點嘅感受？,L4
我在考試期間，四處張望，望其他同學。我感的,不過其他同學都可能唔識啲難嘅題目 考試嘅時間好珍貴喔 專注啲喺份卷會無咁容易做錯喎,T6
我擔心考試有多艱辛，失敗，做錯什麼，以及父母會說些什麼。,"其實不必太介意父母的期望,最緊要盡力 問心無愧就冇問題了",T3
"唔好覺得一個人唔自在,自己同自己傾計..",自己同自己傾偈，令你有點樣嘅感覺？,L2
唔知我呢次考試成績，系唔系比之前有進步,唔知今次考試成績有冇進步，你嘅感受係？,T1
想要個真朋友比我做樹窿，係我唔開心既時侯陪我，係我做錯事既時候話醒我,聽落你希望擁有真心朋友，能夠與你分享快樂，分擔困難，並及時指正你嘅過錯。你可以搵學校嘅counsellor傾下㗎！,L8
有時覺得同人講完又唔會解決到件事 不如慳番啖氣 索性搵第二啲野麻醉自己算了…,明白你覺得與人傾訴並唔能夠解決你嘅問題，你可以搵學校嘅counsellor傾下㗎！,L5
好耐以前成班去某人生日會唔叫我，好唔開心，一開始自己會講一兩句微言，之後自己愈諗愈sad就淡出佢地,無得到其他人邀請嘅感覺的確唔好受。不過，微言嘅內容大概係乜野？佢哋當時嘅反應又係點？,L7
覺得個grade會好低,覺得個grade會低，點解呢？,T1
"好寂寞架
自卑到,連愛情都唔想要
因為連自我價值都否定埋,好壓抑
有D人有情緒病要分手,就係同一道理",從你嘅話語中，我聽到你經常自己一個人，感到寂寞同自卑，更否定自己既價值。你可以搵學校嘅counsellor傾下㗎！,L3
考試嗰陣我好攰 好緊張,考試嗰陣好攰又緊張，你會點面對？,T9
"""我擔心考試有多難，我擔心我會失敗",準備多啲 熟習啲題目 記住搵啲方法放鬆自己 多啲同信得過嘅人分享溝通 分擔一下,T2
父母要求好高，永遠都做得唔夠好， 所以就好辛苦,明白爸媽要求高會令你覺得辛苦。不過，點解覺得永遠做得唔夠好？,T3
我考試就永遠都没有我温的好啊 迷茫,明白你嘅迷茫。不過，點解覺得考試無溫書好呢？,T4
有時諗唔到點寫我又會拍下我隻腳,考試緊張都好正常嘅 呢個辦法可唔可以減壓 幫助你考試發揮架,T8
自問對朋友好，但佢地都唔重視我，一早放棄左,我完全明白你已經付出，但卻得唔到朋友重視嘅失落。,L7
"玩完ocamp都識到1,2個真心朋友 不過其他變晒hi-bye fd 上堂識既又唔係好熟",有幾個真心朋友都好好嘅 可以試吓對同科嘅人咁敞開自己同人傾吓計識下佢哋,L6
得返1-2個知心朋友(無乜普通朋友因為唔識維持同溝通),聽到你覺得自己唔識維繫朋友之間既友誼而得返一至兩個朋友，你可以搵學校嘅counsellor傾下㗎！,L5
狀態唔佳，個人一緊張又唔記得曬溫左既內容 ,狀態不佳，一緊張就唔記得溫左嘅內容，你嘅感受係？,T5
其實我很想有人能把我看穿，了解我內心的不安和傷痛，好好的安慰這樣抑鬱的我....其實我不好。,明白這感受會令人不開心..你可以搵學校嘅counsellor傾下㗎..敞開自己 唔好收埋負面情緒,L4
我害怕爸媽對我失望  ,爸媽對你失望嘅話，你會有點嘅感受？,T3
"我直情當自己冇生日
fb 冇set 冇frd 記得 連自己老母都唔記得
就好似平常咁過咗一日 :D
老母過咗一個月之後先醒返起",唔好咁灰心住，就算依家感情唔係咁好，都唔代表以後都係咁㗎嗎。你可以做啲你喜歡嘅事去排解心情。,L7
 一進考場我急超緊張，覺得呼吸困難心跳得厲害,一入考場就超緊張，心跳厲害仲呼吸困難一定好辛苦。你點樣令自己好過啲？,T10
成日放假想出下街 好多地方想去好多野想食 次次都搵唔到人陪,想有人陪你行街食嘢，搵唔到人令你有點樣嘅感受？,L3
最唔開心果陣 身邊一個人都冇 冇人可以比我做樹洞 冇人聽我講嘢 乜都要自己面對,我明白你嘅感受，你可以平時同身邊嘅人建立良好嘅關係，當你有需要嘅時候，我相信佢地都會肯幫你同聽你講嘢 。,L2
社交無能而家覺得好辛苦,我明白呢個感受 需要時間嘅,L8
唉 唔似得中學 大學冇咁主動真係好難識人,認為大學識人比中學更加需要主動，喺點解呢？,L8
就系唔明題目系乜嘢意思，問緊我乜野,唔明題目咩意思嘅時侯，你會覺得點？,T5
唔知我呢次考試分數，系唔系比之前有進步,唔知今次考試分數有冇進步，你嘅感受係？,T1
父母要求好高，永遠都做得唔好， 所以就好攰,家人要求高，明白你覺得攰。不過，點解覺得自己永遠做唔好呢？,T3
"""試過好幾次系重要考試前胃痛",如果經常都係咁 會唔會同緊張或者飲食作息有關係 避免空肚考試同埋避免食刺激腸胃嘅食物 食胃藥有冇幫助 不過嚴重嘅話最好睇醫生之後先補考吧,T10
如果成績唔好，我驚我爹地鬧我,爹哋鬧嘅時候，你會覺得點？,T3
今日考試我緊張到頭痛呀,考試緊張到頭痛，的確難受。你點面對？,T10
一面怪自己好廢 好似係自己俾自己一d無謂嘅壓力同朋友講又好似煩住佢地咁 覺得無人明自己,明白這感受會令人不開心..你可以搵學校嘅counsellor傾下㗎..敞開自己 唔好收埋負面情緒,L4
依家year3，只會識到pjmate，唔會識到朋友,想識朋友嘅話，可以試下網上交友。網上有好多論壇同交友網站，令你接觸到有共同興趣嘅⼈。,L8
我覺得我做得好差，成績應該得好低分,覺得自己做得差同埋應該會低分，點解呢？,T1
我真後悔沒有認真復習，考試時又分心     ,後悔無認真複習同埋考試分心，的確係幾難受。,T5
有時轉緊筆考試時間一下就過去了,呢個情況令到你有點嘅感覺，我想聽你講多啲。,T8
一緊張我個頭就痛，冇辦法集中精神做題,一緊張就頭痛，集中唔到精神，的確好困擾。你有咩解決方法？,T10
我這次fail了怎麼辦,"擔心自己會fail,你嘅感受係點？",T2
我可以點樣改善我容易緊張的問題？,試下分散自己嘅注意力 或者俾多啲時間自己休息放鬆,T9
我真後悔沒有努力復習，考試時又走神,後悔無努力復習同埋考試走神，的確係難受。,T5
今次考試好難丫，我想死了算了,哦，明白，但係死解唔解決到個問題？,T11
我因為一啲事，就快廿一，先去讀返asso。我發覺同啲同學已經有代溝，讀得好唔開心。有無人一樣？,聽到你因為過往經歷而令到同同學之間有啲代溝而感到唔開心，你可以搵學校嘅counsellor傾下㗎！,L5
考試嗰陣我會手震抖  ,考試手震，你點樣應對？,T10
我驚今次pass唔到仲要再考一次,咁真係會好大壓力 搵下past paper 畀心機準備好個exam先 或者搵朋友／教授幫下手搞清楚啲concept,T2
我仲系好緊張，唔知自己今次嘅分數,唔知今次分數，而令你緊張嘅時候，你會諗啲乜呢？,T1
"老實講,覺得要嘗試去享受自己一個嘅時光,就可以擺脫依種孤獨感",我明白你嘅感受，你可以出街散下步、觀察下街道上嘅⾏⼈，或者同鄰居打個招呼， 都會令你冇咁孤單。,L3
我考試會做其他嘢，例如望下周圍呀,考試嘅時間好珍貴喔 專注啲喺份卷會無咁容易做錯喎 做多啲pastpaper就會多啲信心定啲,T6
萬一這次考試很難，我想都不敢想,做多點試題熟習 不明白的地方多點複習 找教授了解清楚喔 就會有多些信心吧,T5
我考試嗰陣會好緊張，成日check住時間睇下幾時完,有冇諗過係咩原因令你緊張 嗰啲因素有冇辦法可以舒緩呢,T7
我feel到我心跳個不停,緊張會唔會影響到你嘅表現 有無辦法可以令自己冇咁緊張,T10
有冇人明啲心事堆哂係個心度放唔到出黎嗰種感覺 真的好辛苦,太多心事喺心裡面的確會好辛苦。你可以搵屋企人或者朋友傾訴。再唔係，搵學校/社區嘅社工都得。,L2
而家大學每日生活就係返學放學  想搵人一個交心嘅人都冇,"俾個機會自己,俾個機會別人,當然最好係識得志同道合嘅朋友，但都要先了解自己有咩愛好，多參與活動，咁樣就算識唔到新朋友起碼都係自己鍾意做嘅事，唔會浪費左金錢同時間。",L2
因為如果模擬考考得唔好，我就覺得我最尾嘅考試應該分數都會好低,"先不要那麼擔心, 想 想如果真係咁，可以掂處理？",T1
好擔心考試溫完都唔識做 ,擔心考試溫完都唔識嘅原因係？,T5
已經不斷搵野去麻木自己 已經唔知仲可以同邊個訴下,明白你無法搵到人傾訴而需要麻木自己嚟淡化哀傷，你可以搵學校嘅counsellor傾下㗎！,L2
唔知啊，總之我就係好緊張 ,對於覺得緊張，我想聽你講多啲自己嘅感受。,T9
"本身份人比較摺,鍾意自閉多過出街,有呢啲性格已經難識朋友…",比起出街你更加鍾意自閉，但係點樣為之自閉呢？,L8
我認為我的大部分回答都是錯誤的，我的分數會很差,覺得自己大部分都答錯嘅原因係？,T4
越近考試就越緊張，都唔知道點算好,接近考試越來越緊張嘅時候，你有點樣嘅諗法？,T9
真係愈大愈孤獨，本身又被動，有事都唔想麻煩人地，Ig從來都唔敢出post投票/問人野，驚無人覆自己仲傷心,我明白你呢個孤單嘅感受呀 可以參加多啲活動搵啲志同道合嘅朋友呀,L5
"分組呢樣野有時真係小圈子累事 [sosad]  就算你同好多人好friend都好, 如果你無個小圈子, 你夾硬痴埋去求其一個fd到都會好odd :-(  俾你痴到埋去, 頭果排甚至全部時間, 佢地都會有好多 inside joke",明白你因為其他人有小圈子而令你係分組時感到奇怪，甚至被佢地既inside jokes排斥，所以好唔開心。,L7
我看了書，發現很多題目都寫錯了,睇返書發現寫錯咗，你嘅感受係點？,T4
"當啲friend都拍拖,冇人理自己嗰陣就覺得好lonely…",試吓搵吓其他嘅朋友 比下其他人機會,L3
我反而想有嗰人可以聽我啲大小事 唉,有心事的確唔好受。你可以搵屋企人或者朋友傾訴。再唔係，搵學校/社區嘅社工都得。,L2
多題目都唔識做，我會唔會好低成績,"先不要那麼擔心, 想 想如果真係咁，可以掂處理？",T1
我解釋都冇人信我，明明個個都識咗三四年，但係冇一個信我…,我明白你嘅感受，你可以嘗試講多啲你嘅事，咁樣或者人地會更加了解你。同人溝通有困難嘅時候唔好忘記幫自己打氣呀。,L7
但系我緊張的時候手就會抖,緊張而手震嘅時侯，你會點處理？,T10
返謂嘅朋友 原來喺我需要佢地嘅時候會走曬 原來我一個朋友都冇,明白你喺需要朋友嘅時候但就冇人陪伴嘅失望，你可以搵學校嘅counsellor傾下㗎！,L2
我在最近的考試中感覺我好多答案都是錯的,覺得最近嘅考試好多都答錯嘅原因係？,T4
次次到咗考場我就心跳得厲害,到咗考場就心跳厲害，令你覺得點？,T10
孤獨到爆 成日自己一個食飯行街 ,知道你需要自己一個食飯行街，令你有啲孤獨，你可以搵學校嘅counsellor傾下㗎！,L1
有無人同我一樣現實生活係個隱形人？返工無同事知我個名…,喺公司無人知道你嘅名，以及覺得自己“隱形”，令你有點樣嘅感受呢？,L7
唔洗上堂連同人見下嘅機會都冇埋，原來u已經見得少 同人完全唔會熟到 覺得自己會冇朋友到grad…,我知道你因為依家唔需要返學校上堂而缺少咁同其他人相處同認識嘅機會，令你好擔心到畢業都識唔到朋友，是嗎？,L8
一緊張，我就控制唔到自己，脚唔停抖,緊張嘅時候就腳震，呢件事令你有點嘅感覺？,T8
好多題目都唔識答，我會唔會好低成績,今次有題目唔識答，能你嘅感受係？,T1
我會做好多唔係關於考試嘅嘢，例如玩鉛筆,但係咁會唔會令你容易分心 你考試通常會有幾大信心 有無試過做多啲題目熟習考試嘅範圍,T8
我考試又冇温書 入到試場咪周圉望望,考試無溫書，你嘅感受係點？,T6
因為好驚唔合格 冇把握,明白你嘅擔憂。不過，點解無把握呢？,T2
一個人的旅程，依舊要走完。,"明白這感受會令人不開心.唔好咁灰心住..其實你可以試下用social media 去keep 住朋友,又或者考慮網上交友。網上有好多論壇同交友網站，令你接觸到有共同興趣嘅⼈",L3
個種想搵個人傾下計 溝通下都冇既感覺真係好慘 ,聽到你未必有人可以聽你溝通同傾訴而令你覺得唔開心，你可以搵學校counsellor傾下㗎！,L2
好驚呢次考試，老師又會出d難題嚟考我哋,老師出難題考你哋嘅話，你會有點樣嘅感受？,T5
有時好怕同人接觸 唔想同陌生人甚至朋友有交流,好怕同陌生人或者朋友交流，點解呢？,L8
"由大學到依家岀黎做嘢都識吾到一個同自己岩傾既人做朋友，雖然依段時間入面識到好多人，但都係表面保持友好關係，始終做吾到好朋友
",唔好咁灰心，真正嘅朋友會分擔你嘅憂愁，互相扶持。只要你係真心對人嘅話，別人係看得見㗎。,L6
唉 好寂寞 分左手 日日都得自己 朋友全部hibye fd,明白你嘅感受試吓搵多啲嘢做充實下自己 唔好俾自己落入寂寞嘅感覺,L6
我好擔心家人和我父母會生我氣,家人父母生氣，你會覺得點樣？,T3
有時我諗野嗰陣，我會睇緊第二度走神，然後就定曬形,諗野走神，定型嘅時候，係諗緊啲乜嘢？,T6
只要一個人獨處時，所有情緒都會湧上來，一直哭一直哭。,明白這感受會令人不開心..你可以搵學校嘅counsellor傾下㗎..,L1
有時題目好難我就直接唔想答，然後轉筆來打發時間,題目難，唔識做嘅時侯，你感覺係點？,T8
每當一段關係變好時 我卻硬生生的弄糟了,唔好咁灰心住，終有一日您會找到connect到的人，唔好忘記幫自己打氣呀。,L8
今日考試我緊張到肚痛呀,考試緊張所以胃痛，你會點做？,T10
一想到這次的考試結果我就擔心的不行,擔心考試結果嘅時候，你會諗乜？,T1
可能係因為我好多野都唔記得咗，考試fail,試吓做多啲past paper 做熟啲基礎搶分題目 平時assessment比啲心機做 下次就會容易啲pass架啦,T5
今次嘅考官好嚴肅，搞到我好緊張，遞證件嘅時候，手都喺度都 ,教官嚴肅令你緊張嘅時候，你係點諗嘅？,T9
係呀，次次考試都鎮定唔到 ,次次考試都鎮定唔到，係咩原因呢？,T9
我看了書，發現很多題目都做錯了,睇返書發現做錯咗，你嘅感受係點？,T4
"我都係又摺又慢熱果d, 注定一人","會覺得自己摺同埋慢熱呢,可以舉例講下嗎？",L8
反工強顏歡笑 做人真係攰,唔好咁灰心住，你可以搵朋友分擔你嘅憂愁，互相扶持。只要你係真心對人嘅話，別人係看得見㗎。,L6
我再看多點書就好了   ,了解多啲基礎知識 分配好時間 一定會考得更加好,T5
我好耐冇同人傾計 話題都諗唔到,我明白有時同人傾計會諗唔到話題。你可以諗下大家有冇共同喜好或者問下佢哋嘅想法，積極回應就ok㗎啦。,L5
因為從來都唔會有人肯聽我傾述，晚晚就一路喊一路訓著。, 你可以搵學校嘅counsellor傾下㗎。,L2
一個朋友都冇，覺得自己好廢,明白你會因為無朋友而感到情緒低落，甚至覺得自己無用。你可以搵學校嘅counsellor傾下㗎！,L8
唔知我呢次考試結果，系唔系比之前有進步,唔知今次考試結果有冇進步，你嘅感受係？,T1
會覺得有少少唔耐煩，我只係想快d做完份試,如果做多啲past paper熟習考核範圍 應該可以快啲做完份卷 如果有時間check多幾次之後其實早啲離開都好 多啲時間俾自己休息同準備下一科嘛,T7
你覺得我沒考好他們會對我失望嗎,佢哋失望嘅話，你會覺得點？,T3
如果考唔好，我驚我爹地鬧我,爹哋鬧嘅時候，你會有點嘅感受？,T3
"我依然好怕dealing with people, 尤其係女仔 (利申: 讀左12年女校), 亦變到好似唔再識同人溝通咁… ","明白這感受會令人不開心.唔好咁灰心住,試下保持適當嘅語調同眼神接觸，自然咁表達你嘅想法啦。",L5
"其實我都係，人生行左差唔多1/3
日日冇所事事，日頭就識返工
收工就識打機，而打機又唔係真心想打
只係想消時間，日覆日咁
都唔知自己生存黎做咩
朋友又冇，兄弟又冇，老豆又行左",我明白你嘅感受，你可以出街散下步、觀察下街道上嘅⾏⼈，或者同鄰居打個招呼， 都會令你冇咁孤單。,L3
嗰段時間真係好寂寞 但真係唔想返屋企 ,我明白你嘅感受，你可以出街散下步、觀察下街道上嘅⾏⼈，或者同鄰居打個招呼， 都會令你冇咁孤單。,L3
我覺得自己表現得唔好，好多地方都卡住了冇講好,覺得自己表現唔好，好多地方卡住咗無講好嘅意思係？,T4
唔知係咪自己性格太自私，定冇話題，幽默感，一直都冇乜朋友,聽你咁講，你認為自己性格有缺陷所以認識唔到朋友，是嗎？,L8
困境就係遇到困境既時候身邊無一個人可以傾訴 原來我 真係無朋友,我明白你呢個孤單嘅感受呀 可以參加多啲活動搵啲志同道合嘅朋友呀,L3
已經唔敢再主動約人，都係留返係屋企毒算,我明白你嘅感受，其實同人好好溝通、相處並唔難。試下保持適當嘅語調同眼神接觸，自然咁表達你嘅想法啦。,L5
考試好難 又有溫好耐 迷茫,試下設立唔同嘅階段性目標比自己 逐步去努力達成 或者試下form study group同同學仔一齊努力互補不足,T5
考試題目唔識答，點算好?,考試題目唔識答嘅話，你會覺得點？,T5
我可以扮到好識social但係其實朋友唔多亦都唔識social一段關係比我嘅感覺好唔真實,你談到自己有社交方面嘅問題，令你覺得一段關係好唔真實，對你造成困擾。歡迎搵學校嘅counsellor傾下㗎！,L6
我覺得我呢次成績肯定唔合格,咁肯定自己今次唔合格，點解呢？,T1
"個人好無安全感，由細到大都唔能夠打開自己去同人交心所以都無真心朋友,hi bye friends 好多。 連之前拍拖都唔能夠打開自己去愛，做唔到真正既自己..",試吓對而家嘅朋友敞開 或者淨係同你覺得相處比較舒服嘅朋友一齊～,L6
自己又唔敢approach人，總係覺得好難同一個完全陌生既人搵大家啱傾既話題...,明白你可能未必識得同陌生人相處而感到不知所措，你可以搵學校counsellor傾下㗎！,L5
"唔知點解由細到大都有一種好莫名嘅孤獨感
",明白這感受會令人不開心.唔好咁灰心住..其實你可以試下用social media 去同自己朋友互動一下,L3
本身同一班朋友好好朋友，但係而家好明顯有陣時佢哋有得玩都唔會預我，自己小圈子圍埋玩，好多時候都諗住直接同佢哋絕交,好朋友無邀請自己一齊玩，感覺真係唔好受。你有冇試過問佢哋原因？,L7
次次考試都覺得會答錯曬,次次考試都覺得會答錯嘅原因係？,T4
是的，但是我確實沒有認真準備 ,覺得自己無認真準備嘅原因係？,T5
雖然我覺得呢次考試我系正常發揮了，但系我總覺得我可能仲會fail;,既然正常發揮，總係覺得會fail嘅原因係？,T2
有冇人都覺得自己下半世都會係孤單一個？,覺得自己下半世都會孤單一個，到底係點解呢？,L3
"我都係經歷過俾人杯,啲老友出曬國讀書,搞到自己一個人留喺香港好孤獨,但呢啲嘢習慣成自然..",我明白你嘅感受，你可以試下用唔同嘅方法同屋企人多啲聯繫，相信佢地都會關心你。,L3
"冇哂朋友 , 中學朋友已經冇contact,大學同學好利益關係",大學同學關係太利益，的確會難受。會唔會想同中學同學聯絡返？,L6
"一齊行去食飯個時會自己一個跟係後面唔講嘢
三人行總是比人逼咗去後面",明白你呢個感受先唔好灰心 或者試吓可以喺新嘅圈子同其他人相處,L7
有時想搵人傾又唔知人地想唔想聽，又唔知人地得唔得閒，之後就會放棄左搵佢既念頭，都係自己一個算,因為擔心其他人唔得閒或者唔想聽，自己收埋心事一定好難受。有需要時，不如搵學校/社區嘅社工傾訴下。,L5
有無人宜家中秋節一個人緊食飯,可能你係節日時候未必有人陪伴，好想搵人傾訴，你可以搵學校嘅counsellor傾下㗎！,L1
我仲會覺得身體好熱，手震,如果身體不適好嚴重 最好盡快睇醫生 睇下有咩舒緩方法或者藥物可以幫到手 唔飲有咖啡因嘅飲品可以減輕手震,T10
有好多friend，但冇個熟 日日lunch都唔同人， 好冇安全感,試吓對而家嘅朋友敞開 或者淨係同你覺得相處比較舒服嘅朋友一齊～,L6
我都不敢想不及格要怎麼辦,努力準備好exam吧 也可以找教授/advisor商量一下 他們會很樂意幫助你的,T2
知道！！！！我一定會比心機 憤怒 ,嗯 吸取上次嘅教訓 努力就會見到努力就會見到進步,T5
覺得呢個世界冇人會明白自己冇人會開解自己,我明白你嘅感受，你可以嘗試講多啲你嘅事，咁樣或者人地會更加了解你。唔好忘記幫自己打氣呀。,L7
我做題嗰陣會忍唔住老系轉頭望望而家幾點,做題忍唔住一直望時間，係點解呢？,T7
我沒法想象這次考試難度有多大 ,做多點試題熟習 和同學一起溫習也可能有幫助呢,T5
考得差，又會比爸爸媽媽話我,爸爸媽媽話嘅時候，你會覺得點樣？,T3
唔識做嗰陣，我就望住人哋,唔識做就望住人哋，係點解呢？,L4
我anti social media，ig fb sc都冇用，u啲人個個都用，一嚟就交換ig，所以識唔到朋友 ,認為無用social media會難識朋友。點解你唔用呢？,L8
我只不過係有輕微情緒問題，個個都避開曬我，我真係咁黑人憎咩,唔好咁灰心住，你可以試下將你嘅想法寫低，咁樣可以減少孤獨感。,L7
我好唔確定我啲回答係咪正確,唔確定自己嘅回答係咪正確，你有點嘅感受？,T4
嗱，考試我就唔得，次次都炒硬,嗯，你有冇記得之前考得麻麻嘅原因，可以試下針對嗰啲地方集中改善喎。,T1
我都係呀。。好唔想一個人 但無動力去識新朋友,我完全明白你好想認識新朋友，但同時又無動力去行動嘅無奈。係咩原因導致你冇動力呀？,L8
好大壓力  身邊又無人可以講,你可以搵學校嘅counsellor傾下㗎。,L2
冇辦法 識親d人都唔太啱key,你嘅經歷可能令你覺得自己未必同身邊嘅人有共鳴而有啲無助。如果真係諗唔到方法，不妨同學校嘅counsellor分享下，一齊思考解決方案！,L5
由有記憶開始，我就好孤獨...冇人明我嘅感覺，就算有朋友，有伴侶，我都感覺唔到靈魂交流嘅感覺,身邊有人但仍然感到孤獨，一定好難受。你認為靈魂交流嘅感覺係點嘅呢？,L4
我會係咁諗如果我唔合格會點，,萬一考唔好都有好多後著 其他科可以拉分又可以retake 搵朋友傾傾互相分擔下補充能量吧,T2
我覺得我點樣學都學唔明,覺得自己點樣學都學唔明嘅原因係？,T5
最慘係身邊最frd嘅朋友同自己開始疏離 又變翻自己一個,我好難過你經歷咗呢啲嘢所以keep contact都好重要㗎,L3
如果今次考試仲系唔好，我媽咪肯定有會嬲我,今次考試唔好，媽咪嬲嘅話，你會有點嘅感受？,T3
因為自己受過嘅傷太多，成日都收埋自己,聽起來你經歷了一場如地獄般的考驗。或者你可以用少少時間去睇吓你嘅朋友值唔值得信任!,L6
我ig好多朋友相 全部一堆堆 個個以為我好多朋友 但其實一年都約唔到一次,明白這感受會令人不開心.唔好咁灰心住..其實你可以試下用social media 去同自己朋友互動一下,L6
咁多野考，個個都咁難，迷茫,試下設立唔同嘅階段性目標比自己 好似打機咁關關過 分配好時間 逐步去努力達成 或者試下form study group同同學仔一齊努力互補不足 咁就會無咁辛苦架啦,T5
一緊張我就擔心答唔曬 ,緊張，擔心答唔晒嘅時侯，你會點應對？,T9
"我有朋友 都同同事相處得ok
但唔知點解 總係覺得自己同佢地唔同類型",相處到嘅朋友同事，唔知點解好似同自己唔係同一個類型。可以同我講下係有乜嘢唔同嗎？,L5
雖然朋友冇離開我 但有時候我都唔敢煩佢地,聽到你唔敢同朋友傾訴而令自己感到辛苦，你可以同學校嘅counsellor傾下㗎！,L5
唔係大時大節或者佢某方面有問題都唔會搵我，變相似工具人多過朋友,覺得自己似工具人，呢個感受實在唔好。不過，除咗大時大節之外，你嘅朋友遇到咩問題嘅時侯會搵你呢？,L6
但係成績太差媽媽會話我上堂唔認真,俾父母話上堂唔認真，會令你有點嘅感受？,T3
日日都係一個人咁過，無接觸朋友，食飯都係自己食。個人慢慢變到唔想，亦唔識同人相處，但內心其實都係想有人陪，會羨慕人哋可以一齊咁輕鬆同其他人一齊生活…,有時候要勇敢踏出第一步，以誠懇嘅態度同人交流。終有一日您會找到connect到的人，唔好忘記幫自己打氣呀。,L8
我考試果陣，我心跳個不停 ,考試嗰陣心跳不停，你會覺得點樣？,T10
爸妈對我期望好高…可以點做？,爸媽對你期望高，你有點嘅感覺？,T3
我考慮我做得多麼差，我的成績會如何，如果我失敗了會怎樣。,成績只是你的一小部分 不能就此判定一個人的能力 可以想想情況背後的原因逐步改善,T2
"開始習慣一個人去睇戲,周圍去玩下食下嘢, 試過自己一個人去長洲,山頂,大澳,石澳,之前生日都係自己一個人去玩...",自己睇戲，食嘢，行街同埋過生日，令你有點樣嘅感受？,L1
呢排就快考試，我成日都覺得溫唔切書 傷心 ,學海無涯 溫唔切嘅最緊要溫熟啲基本搶分題 有策略咁準備就可以用最少嘅時間考到理想嘅成績,T5
我成日覺得我做得好差，會唔合格,準備多啲 熟習啲題目 記住搵啲方法放鬆自己 多啲同信得過嘅人分享溝通 分擔一下 要對自己有信心呀,T2
自己唔約人，可以成年都冇人揾我，已經冇一個可以講心事既朋友,明白你會有孤單嘅感覺 參加多啲活動識多啲唔同嘅人啦～或者相同興趣嘅人都有幫助㗎,L2
喺考場度覺得好大壓力，想考試快d完，我可以快d走,都係嘅 有時連續幾日考幾科 快啲考完就可以多啲時間準備或者畀自己休息,T7
去番以前既老地方 但已經物是人非 得番自己一個 會好孤獨感慨,明白呢種感覺唔好受。不過，點解會物是人非，究竟發生咗咩事呢？,L3
"係u入面玩得埋既得1個
同埋好多無謂既social活動，食飯唱k，但食完唱完就散，朋友又熟唔到，錢同時間又哂左
如果唔係屋企人，真係捱唔到落去。",唔好咁灰心，終有一日您會找到connect到的人，真正嘅朋友會分擔你嘅憂愁，互相扶持。只要你係真心對人嘅話，別人係看得見㗎。,L6
而且我一諗到下過月要考試，就經常擔心到頭痛同埋瞓唔著,明白你擔心考試。考試前成個月都頭痛又瞓唔著一定好辛苦。果啲日子你會點面對？,T10
因為如果模擬考考得唔好，我就覺得我最尾嘅考試都會考得好差,睇黎今次模擬試對你黎講係幾重要。你而家嘅心情係？,T2
還會玩筆 還會轉鉛筆  ,玩筆，轉鉛筆令你有點嘅感覺？,T8
我覺得呢次考試自己沒有發揮好 ,呢次考試無發揮好，會咁覺得嘅原因係？,T4
可能係因為我好多野都唔識，考試實唔pass,對於考試，你打算做啲點嘅準備呢？,T2
有時我又會睇住黑板出神 ,睇住黑板出神嘅時候，你有點嘅諗法？,T6
話就話大家係朋友 大家都當大家係朋友 但始終就好似無人明自己個世界,朋友唔理解你個世界，到底係發生咗咩嘢事呢，可以同我講下嗎？,L4
我睇習咗一個月書，覺得仲系冇複習曬,溫咗一個月都覺得未複習晒，點解呢？,T5
識得多人 但係又未frd到平時出街玩 所以一大時大節就好頹,試吓對而家嘅朋友敞開 或者淨係同你覺得相處比較舒服嘅朋友一齊～,L6
但系我覺得好多題我都冇把握，好似都答錯嗮。,覺得好多題都無把握，你嘅感受係點呢？,T4
你覺得我成績不好他們會對我失望嗎,佢哋失望，會令你有點嘅感受？,T3
"好多嘢都講唔到出口,同埋永遠都會得自己先明白自己 ",我明白你嘅感受，你可以嘗試將你嘅想法表達得清晰啲，咁就容易啲令人明白啦。唔好忘記幫自己打氣呀。,L4
有時我又會盯住黑板發呆,有冇試過因為發呆搞到做唔切,T6
好想做毒撚 近排又見到身邊啲朋友約大家出去 見住無自己份 好唔開心 ,唔好咁灰心住，你可以首先了解下點解人地唔搵你，之後或者你可以搵你信任嘅人講依件事。,L7
我都有諗過係咪自己問題，我好少參加群體活動，例如打波跳舞嗰啲，少左個途徑識朋友咁,有時候要勇敢踏出第一步，以誠懇嘅態度同人交流。唔好忘記幫自己打氣呀,L8
究竟有冇人睇到我嘅痛苦,你而家覺得冇人見到自己面對嘅問題，覺得好辛苦。可以同我講下你嘅痛苦係乜野嗎？,L7
呢種疏離係自己造成嘅 由細到大 我都無諗法要去維繫同其他人嘅關係 我唔鍾意出街 唔鍾意啲frd chur我覆message …,從你嘅話語中，感受到你未必有同其他人維繫關係嘅想法，導致與人疏離而感到難過，你可以同學校嘅counsellor傾下㗎！,L6
今日老師話下星期考試，然後我就好擔心  ,老師話下星期考試，令你擔心嘅原因係？,T9
可能係因為我好多野都唔識，考試fail,對於今次嘅考試結果，你有點嘅感受呢？,T2
點算呀，呢次考試我嘅分數肯定唔好,今次考試咁肯定自己考得唔好，係點解呢？,T1
 今次考試嘅題目好難丫，我寫答案嗰陣緊張到手都出汗,寫答案緊張手震，你會點處理？,T10
考試開始之後我就覺得胃疼，想上廁所,考試開始之後胃痛，你會點處理？,T10
因為我溫左好耐書都唔記得,溫左好耐書都唔記得，會令你有點嘅感覺？,T5
唔想又唔識同人講野，心好攰，覺得自己唔值得被人鍾意,聽到你對於與人溝通有啲卻步，亦有啲心累，認為自己唔應該被喜歡。你可以搵學校嘅counsellor傾下㗎！,L8
考得唔好 爸媽又會話我,可能父母未必會嬲，試下同屋企人傾下先,T3
冇真心朋友，冇女朋友，父母唔關心我，淨關心阿哥，老師唔理我，dse肥埋，搵唔到好工，已經麻木，但有時瞓唔著又會覺得成個人生好悲哀而不禁流淚,覺得無女朋友同真心嘅朋友，屋企人同老師都唔關心自己，考試成績唔好而搵到嘅工有限，所以覺得麻木。但係你半夜喊嘅時侯，心情係點樣既呢？,L3
"自己本身唔太鐘意講野, 又好少留意身邊既野所以冇咩話題同人講
有時有D同事或者舊同學約我出黎食飯睇戲之類, 我都唔係好想去, 有時會搵藉口拒絕",唔緊要㗎，你做自己鍾意嘅野就夠㗎啦。唔好忘記幫自己打氣呀。,L5
可能我成日諗住如果額分數唔好，我爹地媽咪會失望,父母失望嘅話，會令你有點嘅感受？,T3
不敢想我爸媽知道了我的成績會怎麼,你認為爸媽可能會有點樣嘅反應呢？,T3
都係呀我成日周圍望下其他人，驚我做得太慢,但係佢哋可能會策略性揀啲容易攞分嘅題目跳嚟做 如果操熟啲題目到時會唔會做得快啲,L4
考試嗰陣我好攰 好擔心 迷茫,尤其連續考幾科會特別辛苦添 你會唔會對自己有好高期望同要求,T9
一做卷就覺得答咩都錯 然後就好驚分數會差 傷心,明白你嘅傷心。不過，可以講下點解覺得答咩都錯嗎？,T4
"人地感覺我好多朋友 好識social
但我覺得自己無乜朋友 好孤獨",明白孤獨嘅感覺唔好受。其他人覺得你好多朋友，但係你覺得唔係咁樣，點解會有呢個分別呢？,L3
唔開心想搵人傾下計 whatsapp又好傾電話又好 碌勻成部電話 搵唔到一個可以傾計既人,我明白你嘅感受，你可以平時同身邊嘅人建立良好嘅關係，當你有需要嘅時候，我相信佢地都會肯幫你。,L2
我都試過喺其他羣體，唔多理你都算，處處要自己爭取存在感:) ,我明白你呢個孤單嘅感受呀 可以參加多啲活動搵啲志同道合嘅朋友呀,L7
系阿，所以我答題嘅時候，嗰心跳得好快,答題嘅時侯心跳好快，你有點嘅感受呢？,T10
我一緊張，我個心就跳個不停 ,緊張就心跳不停，你有點嘅感受？,T10
想同人傾訴 但係講得太多又驚人唔想再理我 覺得我好煩,明白你呢個孤單嘅感受  你承受嘅已經太多啦 可以試吓同朋友講吓你嘅憂慮！,L5
每次考試都會忍唔住不停對時間,考試忍唔住不停對時間，係咩原因呢？,T7
考試時侯個腦會變左空白…忘曬d野… ,考試個腦空白，唔記得嘢，你嘅感受係點？,T5
我好緊張呀，如果呢次我仲fail點算,明白你嘅緊張。為咗pass，今次你打算點準備？,T2
最後亂咁寫咁做完 唔知錯定對,唔緊要啦，等答案公佈嗰陣睇下自己錯左邊度，然後Mark 低錯左D咩,T4
最近有個煩腦  就係突然唔想返學  因為好怕同人講野,聽到你因為害怕同其他人講野而唔想返學，你就著呢個問題有無想過解決辦法呢？,L5
我都係 開心唔開心都好想同人分享   但無人可以講,太多心事喺心裡面的確會好辛苦。你可以搵屋企人或者朋友傾訴。再唔係，搵學校/社區嘅社工都得。,L2
讀書讀到好想自殺啊啊啊啊啊啊 ,明白你讀書辛苦。我想聽你講多啲關於你嘅心情。,T11
多數係人地個樹窿，調轉自己呻心事反而聽都廢事聽咁,明白呢個感受會令人唔開心，試吓對人敞開自己,L2
"人會因為孤獨而感到傷心寂寞,而我這種人卻早已習慣了孤獨,若是沒有了自己的孤獨空間,將無所適從..",聽到你已經習慣咗孤獨，亦都想留喺自己嘅孤獨空間，咁你覺得呢個處境對你有冇造成影響？,L3
個人少野講，死毒撚又唔係好識同人相處，好多野基本上都係自己一個做，已經慣咗自己一個,一直自己一個做事，令你有點樣嘅感受？,L1
就快考試 超大壓力  ,因為就快考試所以覺得壓力超大，可以仔細啲講下你嘅感受嗎？,T9
"即身處人群中,孤獨發自內心來..",明白你嘅感受試吓搵多啲嘢做充實下自己 唔好俾自己落入寂寞嘅感覺,L3
我考試嗰時隻手震個不停,輕微手震應該好普遍嘅 不過如果嚴重就最好請教下醫生 避免飲有咖啡因嘅飲品都可能有幫助架,T10
可能傾計時大家啲話題唔係好啱 搞到自己一個好似離群咁,明白你未必同身邊嘅人有共鳴而有啲覺得同身邊嘅人有隔膜，令你感到不快。,L5
覺得好辛苦，周圍啲人個個都係咁，又冇人一齊做..同佢地食飯永遠話題都唔一樣,"俾個機會自己,俾個機會別人,當然最好係識得志同道合嘅朋友，但都要先了解自己有咩愛好，多參與活動，咁樣就算識唔到新朋友起碼都係自己鍾意做嘅事，唔會浪費左金錢同時間。",L5
唔只爸爸媽媽，細佬妹都係咁，唔知係咪由細已經無咩點同我地好深層溝通，大個咗大家都無乜兩句,我都明白有時同家人溝通可能有困難，你可以試下多啲關心佢哋，多啲表達你嘅想法。唔好忘記幫自己打氣呀。,L5
睇住人地成日同班fd出去玩 係到諗點解自己永遠都係一個人,明白你得知其他人有朋友陪伴後感到孤獨，你可以搵學校counsellor傾下㗎！,L3
我覺得大部分題我都答錯了,覺得大部分題目都錯嘅原因係？,T4
所以遇到識答嘅題目，我總系想儘早寫完,遇到識嘅題目想快啲寫完，你會用咩方法？,T7
其他fd都有但只限偶然係學校撞岩落堂食個飯 重點係佢地好多有上庄又一早已經有自己既圈子 所以好難融入,其他同學有自己既圈子，令你覺得難融入。你對於呢件事有咩感受呢？,L8
"我都好怕被人出賣.有時對方講既都唔知真定假.
有時寧願上網識朋友... 因為唔駛煩對方係咪講真定講假
因為無論點...都唔會傷害到自己",聽起來你經歷了一場如地獄般的考驗。或者你可以用少少時間去睇吓你嘅朋友值唔值得信任!,L6
搞到我依家壓力好大就嚟爆,咁就要搵啲方法放鬆自己喎 多啲同信得過嘅人分享溝通 佢哋好樂意聆聽同分擔架,T9
"明明有時好想影相,但冇friend一齊最後都冇去影..",明白這感受會令人不開心..你可以搵學校嘅counsellor傾下㗎..嘗試拆解原因所在除左識得新朋友，同你識得嘅人keep contact都係一樣重要嘅。,L3
我好孤單呀�，好撚想喊呀,好難過你經歷咗咁多野 你會唔會可以講多少少？,L1
尤其做野，好多時新同事反而同舊同事成日約，但我就永遠被忘記,人哋有活動嘅時候，自己無辦法加入的確唔好受。你會唔會想主動同同事傾下偈，熟絡下先？,L7
沒有人理解的感覺很難受，很討厭這一切， 不如還是放棄吧....？我真的很累很累......,明白這感受會令人不開心..你可以搵學校嘅counsellor傾下㗎..敞開自己 唔好收埋負面情緒,L4
係咩？但係我控制唔到我自己緊張  ,控制自己情緒係唔容易。緊張時，你會諗啲乜？,T9
好驚因為gpa唔夠好爭唔到intern,"擔心gpa唔夠就爭唔到intern,令你有點嘅感覺？",T2
人大左愈黎愈孤獨好辛苦,聽到你覺得長大之後需要自己面對好多事情，可能會令你感到無力，你可以搵學校counsellor傾下㗎！,L1
唔開心/開心想分享，發覺根本冇人可以搵,想同人分享心情，但係搵唔到對象，令你有點樣嘅感受？,L2
考試嗰陣，我只手仲系熱到冒汗，寫字都難,考試嘅時候隻手流汗，你會點應對？,T10
大學裡面無咩朋友 就算見到識既人最多都係叫同學,你可以試下網上交友。網上有好多論壇同交友網站，令你接觸到有共同興趣嘅⼈。,L8
我成績咁差，溫幾耐都好似考唔好咁,覺得溫幾耐都考得唔好，你有點嘅感受？,T4
人愈大 覺得好孤獨 好似無咩野可以令自己開心,我明白你嘅感受，你可以出街散下步、觀察下街道上嘅⾏⼈，或者同鄰居打個招呼， 都會令你冇咁孤單。,L3
我都係 同人講野怕dead air 係一班人面前寧願咩都唔講 有時講講下野 無論係好笑野定講自己生活既野 無人比反應真係慘過食屎,你嘅經歷可能會令你害怕成為話題終結者，亦同身邊嘅人冇咩深入交流，你可以同學校嘅counsellor傾下㗎！,L5
"我一個sem入面 同人食飯次數得3次
其餘都係自己食",一個Sem大部分時候自己食飯，呢件事令你有點樣嘅感受？,L1
考試嗰陣時太緊張 心跳個不停 仲會覺得好熱,考試太緊張，心跳不停又覺得熱，嗰陣你會點做？,T10
"中學同學一個都冇聯絡，成日見到佢地搞gathering ,但係就冇搵我",唔好咁灰心住，你可以首先了解下點解人地唔搵你，之後或者你可以搵你信任嘅人講依件事。,L7
可能我成日諗住如果成績差，我爹地媽咪會失望,爹哋媽咪失望嘅話，你會有點嘅感受？,T3
而且忍唔住會東張西望 ,有時環境嘅事物可以幫你聯想到一啲知識同答案 好自然嘅,T6
"""我覺得我做得好差，成績應該得好低分 """,我想知道，點解認為自己做得差呢？,T1
臨考試前有好多野要溫返，好大壓力啊 ,所以要好好規劃 早啲開始循序漸進咁溫書就會輕鬆好多,T9
我又唔會主動同朋友講自己有咩心事，覺得自己會煩到人時，人地又唔會想知，所以好多野都收埋自己解決,明白你呢個孤單嘅感受  你承受嘅已經太多啦 可以試吓同朋友講吓你嘅憂慮！,L5
"己經無個種可以同人交心既心情,太多野溶埋一齊都交唔到出去",唔希望同人交心，因為心裏面有太多溶埋一齊嘅乜嘢？可以講多啲俾我聽嗎？,L6
好多題目都唔識答，我會唔會唔好成績,盡力 問心無愧就足夠了 未來要更加努力喔,T1
人生是這樣的孤獨和如此的沒意思,聽落你覺得人生就係好孤獨同無意思，你介唔介意講多少少比我知發生咩事呀？,L3
"因為科科都要做 pj , 每日都同好多人接觸, 但都係為持工作伙伴關係.",有幾個真心朋友都好好嘅 可以試吓對同科嘅人咁敞開自己同人傾吓計識下佢哋,L6
"成班人飲酒又好,玩得幾開心都好,往往都仲會有得自己一個人既感覺.",我能夠理解你即使身邊有人但仍然感到孤獨，令你有啲失落。,L3
可能我成日擔心如果成績唔好，我爹地媽咪會失望,爹哋媽咪失望，會令你覺得點樣？,T3
我宜家心情緊張得不得了,搵啲時間做自己想做嘅事 多啲同信得過嘅人分享溝通 佢哋好樂意聆聽同分擔架 或者搵其他嘢做下轉移一下注意力,T9
因為過分緊張反而令我考試成績更差,冇錯 所以你要試下唔同方法放鬆一下喔,T9
我成日都睇個表，好驚時間唔夠用 ,成日睇錶，因為驚時間唔夠用。你呢啲時侯嘅感受係點？,T7
以前都有幾班fd玩開，但一讀完書/轉工之後keep唔到，大家冇乜聯絡，慢慢已經成為陌生人,舊朋友無聯絡的確會生疏。有機會可以主動搵下佢哋嗎？,L6
"朋友有嘅, 不過好多都未去到會講心事嘅位, 唔知係大家唔夠friend定係我唔太講自己嘢, 我覺得我唔係孤獨而係寂寞.",寂寞嘅感覺的確難受。你覺得朋友可能係因為唔夠熟所以未可以講心事。會唔會想嘗試同佢哋講多啲自己嘢呢？,L6
"I know that feel
以前有好幾個唔錯 交心既frd
但一次又一次俾人背後中傷 冤枉我
搞到而家得返乜都冇:-( 
已經唔想再識朋友 好灰",俾交心friend背後傷害咁多次，你一定覺得好辛苦，唔敢信任朋友。可以講下當時發生咗啲乜嘢事嗎？,L6
我個腦一片空白嘅時候就會轉筆,你考試之前會唔會做熟啲題目 咁樣會唔會有助你嘅發揮,T8
我考緊試嗰時好害怕  ,明白你嘅難受。考試嘅時侯你會害怕啲咩呢？,T9
而且我一諗到下過月要考試，就經常緊張到身體唔舒服同埋瞓唔著,一諗到下個月要考試就緊張，唔舒服仲瞓唔著，係好辛苦。你點樣面對呢啲日子？,T9
好鍾意睇戲，好睇唔好睇嘅都會有好多感想，遇到好有感覺嘅電影，好想同人分享，但身邊一個可分享電影嘅朋友都無。,睇黎你對電影有好多心得，可以試下網上討論區同人交流。喺現實世界都可以試下藉住介紹電影，同家人朋友展開話題。,L2
"由細到大都因為存在感低比人忽視 
就不如自己一個行開好過
行街見到識既人會傾向避開多過打招呼
或者扮睇唔到等人地主動過嚟搵我我先回應
其他野都同樓主差唔多
不過我同樓主相反 會覺得身邊既人個個都有唔同方面既長處 而自己就一無是處
簡單嚟講即冇自信 都諗唔到點解決呢個問題lo",明白你呢個感受先唔好灰心 或者試吓可以喺新嘅圈子同其他人相處,L7
我怕屋企人擔心，唔知道點算啊,多啲同屋企人溝通 佢地好樂意跟你分擔同了解架,T3
讀大學真係好孤獨，好難識朋友，識到都未必keep到,明白你認為大學階段認識新朋友好困難，而且亦好難維繫，令你好迷失，是嗎？,L8
我考試嗰陣成日都好緊張,都好common嘅 你通常會點樣放鬆自己,T9
然後就交卷了，我猜想這次考得很低,嚟緊仲有冇下一科，繼續努力考好下一科拉分吧。,T1
如果分數低，我驚我媽咪鬧我,媽咪鬧你，會令你覺得點？,T3
我真後悔沒有用心復習，考試時又分心,後悔無用心複習同埋考試分心，的確係幾難受。,T5
怕自己啲負能量太多影響人,有負面情緒又怕影響到人嘅話，唔洗自己收埋，可以搵學校/社區嘅社工傾下。,L5
我做題嗰陣會忍唔住老系轉頭睇吓而家幾點,做題一直睇時間，係點嘅原因呢？,T7
我驚今次fail仲要再考一次,睇落pass對你係好重要。因此，你打算點準備？,T2
而加了這些社團 雖然有認識很多人 但是我幾乎跟大家都不熟  看到一些陌生人一下子就 跟我共事的人就變熟了 我其實挺羨慕的 又有點責怪自己為啥不會聊天 這麼不有趣,我明白你嘅感受，其實同人好好溝通、相處並唔難。試下保持適當嘅語調同眼神接觸，自然咁表達你嘅想法啦。,L5
自己一個行岀街上，我覺得好驚，好陌生，一家大細，一對對情侶，我就獨自一個係人來人往既地方停係到。,我明白你呢個孤單嘅感受呀 可以參加多啲活動搵啲志同道合嘅朋友呀,L7
d人好有主見 成日都好堅持自己 相處辛苦,其他人堅持己見，令到你覺得相處辛苦。可以舉下例子嗎？,L5
"有時我寧願自己係一個真正毒向左走向右走
至少我可以寄情於ACG世界入面
而可以同其他毒向左走向右走交流心得
相反 而家作為一個""正常人""
我反而乜都冇",我明白你呢個孤單嘅感受呀 可以參加多啲活動搵啲志同道合嘅朋友呀,L3
我覺得好無助孤獨，好想跳樓自殺好耐…,聽到你不開心和間中感到孤單冇力，你可以搵學校嘅counsellor傾下㗎！,L3
如果今次考試仲系唔好，我爹地肯定有會嬲我,試下同爹地傾下，話比佢知你呢一科不太理想比佢做定心理準備,T3
"""所以遇到識嘅題目，我總系想盡早做完      """,遇到識嘅題目想快啲做完，你會用咩方法？,T7
老師都覺得我只是壓力大…我只是在逃避問題…卻沒有人願意了解我…,老師嘅誤解令你傷心。我想聽你講下發生咗乜事。,L4
"孤獨令人成長,令人獨立.",你覺得孤獨令人成長而變得獨立。係咩原因令你咁諗呢？,L3
以前覺得同成幫朋友一齊會好開心只係一時開心 但開始冇乜心機搵，因為冇人明白我,以前覺得同朋友一齊開心都只係一時嘅開心，而無人明白你，到底發生咗咩事呢？,L4
"大學讀到而家差唔多最後一年,直頭放棄咗去識朋友,一日淨係得番係得返返學放學,一條友去溫書,一條友返屋企,無限loop…",明白你會有咁嘅感覺唔好咁灰心先可以試吓用social Media 搵吓朋友,L1
所以最寂寞孤獨係 近乎獨自咁承受這一切,睇黎你自己承受一切，感到有壓力。你可以試下搵朋友或者屋企人傾訴，或者學校/社區嘅社工都得。唔需要凡事自己面對。,L1
我次次入咗考場都會十分緊張 ,次次入咗考場就緊張，你平時點應對？,T9
"最青春係約一大班friend去海灘野餐兼玩水,大咗就冇人陪我癲了...",我好難過你經歷咗呢啲嘢所以keep contact都好重要㗎,L3
我成日都望個鐘，好驚時間唔夠用,驚時間唔夠用所以成日望鐘，係咩原因呢？,T7
來緊下星期有四科要考。好大壓力。 傷心 ,連續考真係好大workload 試下集中溫重點同熟習題目 分配好時間 捱過咗就輕鬆好多架啦,T9
因為我溫左好耐書都忘曬,溫左好耐書都忘記，會令你有點嘅感覺？,T5
我感覺到我心跳加速  ,感到心跳加速，點解呢，我想聽你講多啲。,T10
其實次次考試，我都緊張，然後身體就會熱到冒汗 ,次次考試都成身出汗，你會點做？,T10
